Order_ID    ,Shop_ID  ,Shipper_ID ,Nguoi_Nhan          ,SDT_Nhan     ,Dia_Chi_Nhan                                ,Tien_COD ,Phi_Ship ,Trang_Thai ,Ngay_Tao
HCM26970493 ,SHOP_003 ,SHP_010    ,Vi Vũ               ,071321859792 ,"61 Jane Khu, Quận Gò Vấp, TP.HCM"          ,       0 ,   30000 ,Đang giao  ,2025-11-30 06:07:04.304538
HCM29803366 ,SHOP_009 ,SHP_006    ,Hạnh Vũ             ,076865141348 ,"3 Lê Làng, Quận Tân Bình, TP.HCM"          , 1200000 ,   22000 ,Đang giao  ,2025-11-30 16:41:27.819973
HCM84855385 ,SHOP_001 ,SHP_001    ,Dũng Mai Lê         ,072095395658 ,"69 Trần Làng, Quận 12, TP.HCM"             , 1200000 ,   22000 ,Hoàn trả   ,2025-11-22 11:09:35.172235
HCM43295261 ,SHOP_002 ,           ,Anh Tú Hoàng        ,070970417638 ,"741 Jane Hẻm, Quận 11, TP.HCM"             ,  500000 ,   16000 ,Hủy        ,2025-12-02 09:40:09.244113
HCM47198075 ,SHOP_002 ,SHP_009    ,Chị Khoa Trần       ,070867558927 ,"6 Jane Tổ, Quận 1, TP.HCM"                 , 1200000 ,   22000 ,Hoàn trả   ,2025-11-28 12:48:12.393123
HCM12507531 ,SHOP_008 ,SHP_015    ,Anh Tú Dương        ,072347677929 ,"8 Trần Tổ, Quận Tân Phú, TP.HCM"           ,  500000 ,   22000 ,Đang giao  ,2025-11-16 11:05:45.484437
HCM23836763 ,SHOP_005 ,SHP_008    ,An Mai              ,076928475968 ,"527 Jane Hẻm, Quận Tân Phú, TP.HCM"        ,  250000 ,   22000 ,Đang lấy   ,2025-11-27 22:41:23.986371
HCM61556694 ,SHOP_005 ,SHP_010    ,Cô Ánh Dương        ,070987693937 ,"2 Jane Đường, Quận 7, TP.HCM"              ,  500000 ,   16000 ,Đang giao  ,2025-11-10 09:57:33.777883
HCM39726712 ,SHOP_009 ,SHP_011    ,Nhiên Phú Phạm      ,072998111742 ,"99 John Số, Quận 12, TP.HCM"               ,       0 ,   30000 ,Đang giao  ,2025-11-27 09:19:16.357230
HCM59859880 ,SHOP_002 ,           ,Thành Đặng          ,077388881774 ,"9 John Dãy, Quận 8, TP.HCM"                ,  500000 ,   22000 ,Hủy        ,2025-11-14 19:08:45.857222
HCM93902865 ,SHOP_007 ,SHP_009    ,Quý ông Châu Lê     ,076668224345 ,"189 Jane Làng, Quận Tân Phú, TP.HCM"       , 1200000 ,   22000 ,Đang giao  ,2025-11-15 16:02:33.826636
HCM50550608 ,SHOP_010 ,SHP_001    ,Bà Hồng Mai         ,070458287060 ,"29 Dương Làng, Quận Gò Vấp, TP.HCM"        ,       0 ,   16000 ,Đang lấy   ,2025-12-06 04:07:22.019042
HCM98898218 ,SHOP_005 ,SHP_005    ,Bà Hải Nguyễn       ,071116913363 ,"66 John Ngõ, Quận 10, TP.HCM"              ,       0 ,   22000 ,Đang lấy   ,2025-11-09 19:48:59.664586
HCM95593413 ,SHOP_007 ,SHP_003    ,Nhiên Đặng          ,076138112685 ,"98 Trần Tổ, Quận 1, TP.HCM"                ,  250000 ,   16000 ,Đang giao  ,2025-12-08 03:02:39.330015
HCM76659631 ,SHOP_007 ,SHP_007    ,Quý ông Khoa Hoàng  ,075790947153 ,"860 Jane Làng, TP. Thủ Đức, TP.HCM"        ,  500000 ,   30000 ,Đang giao  ,2025-12-04 13:00:21.080156
HCM5934723  ,SHOP_008 ,SHP_001    ,Thành Hoàng Đặng    ,074768659470 ,"6 Jane Đường, Quận Phú Nhuận, TP.HCM"      , 1200000 ,   30000 ,Hoàn trả   ,2025-11-27 17:32:40.000703
HCM12267572 ,SHOP_010 ,SHP_002    ,Vũ Đức Trần         ,071439793666 ,"5 John Hẻm, Quận 12, TP.HCM"               , 1200000 ,   22000 ,Đang giao  ,2025-11-22 08:47:57.208550
HCM23261938 ,SHOP_005 ,SHP_012    ,Hải Bùi             ,076263500307 ,"7 John Ngõ, Quận 11, TP.HCM"               ,  500000 ,   22000 ,Đang lấy   ,2025-11-17 14:38:23.359358
HCM78596591 ,SHOP_001 ,SHP_002    ,Cô Thảo Đặng        ,077361383148 ,"2 John Tổ, Quận Phú Nhuận, TP.HCM"         ,  500000 ,   22000 ,Đang giao  ,2025-11-20 06:44:50.845273
HCM60251984 ,SHOP_002 ,SHP_003    ,Bà Yến Mai          ,079336197814 ,"859 John Đường, Quận Gò Vấp, TP.HCM"       , 1200000 ,   22000 ,Hoàn trả   ,2025-11-15 21:05:57.988675
HCM56022403 ,SHOP_003 ,           ,Thành Hoàng Dương   ,078172147677 ,"6 Lê Tổ, Quận Phú Nhuận, TP.HCM"           ,  250000 ,   22000 ,Hủy        ,2025-11-29 07:58:11.130486
HCM84940330 ,SHOP_004 ,SHP_005    ,Thảo Dương          ,077697275392 ,"95 Mai Số, TP. Thủ Đức, TP.HCM"            , 1200000 ,   16000 ,Đang giao  ,2025-11-15 23:05:56.076718
HCM24420931 ,SHOP_002 ,SHP_014    ,Nhật Hải Vũ         ,077842109803 ,"809 Jane Khu, Quận Bình Thạnh, TP.HCM"     ,  250000 ,   30000 ,Hoàn trả   ,2025-11-19 22:03:27.951061
HCM99394658 ,SHOP_009 ,SHP_009    ,Chị Lan Vũ          ,070238390646 ,"95 John Làng, Quận 4, TP.HCM"              ,       0 ,   30000 ,Đã giao    ,2025-11-27 02:37:06.339925
HCM91799106 ,SHOP_008 ,SHP_004    ,Khoa Đặng           ,078336906221 ,"974 John Làng, Quận 10, TP.HCM"            ,  500000 ,   30000 ,Đang giao  ,2025-11-22 13:28:19.602414
HCM49459706 ,SHOP_002 ,           ,Anh Mai Mai         ,076114761329 ,"666 Hoàng Số, Quận 5, TP.HCM"              ,  250000 ,   16000 ,Mới tạo    ,2025-11-09 22:02:49.693724
HCM84259605 ,SHOP_004 ,SHP_001    ,Quý ông Nam Lê      ,076073680765 ,"1 Dương Dãy, Quận 10, TP.HCM"              ,       0 ,   16000 ,Đã giao    ,2025-11-27 01:23:44.656318
HCM52689277 ,SHOP_009 ,SHP_015    ,Nhiên Mai Lê        ,078319448705 ,"6 Trần Đường, TP. Thủ Đức, TP.HCM"         ,  250000 ,   16000 ,Đang lấy   ,2025-11-15 15:03:15.789609
HCM68248096 ,SHOP_008 ,           ,Hải Hải Đặng        ,078244798023 ,"0 Dương Tổ, TP. Thủ Đức, TP.HCM"           ,       0 ,   16000 ,Hủy        ,2025-12-02 23:14:49.874641
HCM26850302 ,SHOP_007 ,SHP_007    ,Quý ông Quang Hoàng ,076690279522 ,"5 Jane Dãy, Quận 6, TP.HCM"                , 1200000 ,   16000 ,Hoàn trả   ,2025-12-03 16:27:31.749884
HCM60746518 ,SHOP_004 ,SHP_008    ,Phương Phạm         ,079883885590 ,"261 Jane Hẻm, TP. Thủ Đức, TP.HCM"         ,  250000 ,   30000 ,Đang giao  ,2025-12-02 14:10:31.119929
HCM40348454 ,SHOP_007 ,           ,An Lê               ,078468630182 ,"257 Bùi Tổ, Quận 11, TP.HCM"               ,  150000 ,   30000 ,Mới tạo    ,2025-12-07 18:39:25.607228
HCM55168469 ,SHOP_007 ,SHP_007    ,Quý cô Kim Trần     ,077418109163 ,"99 John Làng, Quận 6, TP.HCM"              ,  150000 ,   30000 ,Đang lấy   ,2025-11-20 21:19:29.247425
HCM44100204 ,SHOP_008 ,           ,Chị Khoa Dương      ,079734662338 ,"24 John Đường, Quận 6, TP.HCM"             ,  250000 ,   30000 ,Hủy        ,2025-11-28 12:45:35.563327
HCM13808779 ,SHOP_002 ,SHP_006    ,Bảo Đức Lê          ,073921024674 ,"08 John Đường, Quận 8, TP.HCM"             ,  250000 ,   22000 ,Đã giao    ,2025-11-30 07:42:51.987934
HCM73741967 ,SHOP_009 ,           ,Bác Châu Lê         ,072233120577 ,"7 Hoàng Đường, Quận 4, TP.HCM"             ,  150000 ,   22000 ,Mới tạo    ,2025-11-15 19:17:04.408019
HCM36275274 ,SHOP_003 ,SHP_010    ,Dũng Hoàng          ,077643668350 ,"589 Mai Đường, Quận 7, TP.HCM"             ,  150000 ,   16000 ,Đang giao  ,2025-11-24 18:36:24.455353
HCM61682085 ,SHOP_004 ,SHP_013    ,Tú Mai Bảo Mai      ,076601367307 ,"2 Jane Dãy, Quận 6, TP.HCM"                ,  500000 ,   30000 ,Đang lấy   ,2025-11-09 19:08:22.931341
HCM62381481 ,SHOP_002 ,SHP_005    ,Lâm Mai Dương       ,075410662328 ,"2 Jane Khu, Quận 7, TP.HCM"                ,  500000 ,   22000 ,Hoàn trả   ,2025-11-20 23:42:10.744696
HCM30464474 ,SHOP_008 ,           ,Hạnh Hải Trần       ,072166573254 ,"33 Dương Đường, Quận 11, TP.HCM"           , 1200000 ,   16000 ,Mới tạo    ,2025-11-18 10:44:35.444714
HCM44434019 ,SHOP_002 ,SHP_014    ,Thành Đức Hoàng     ,078948361392 ,"85 Đặng Hẻm, Quận 8, TP.HCM"               ,  500000 ,   16000 ,Đang giao  ,2025-11-10 05:25:45.694969
HCM40341313 ,SHOP_002 ,           ,Phương Trần         ,075903659574 ,"053 Jane Ngõ, Quận 3, TP.HCM"              ,  150000 ,   16000 ,Hủy        ,2025-11-17 20:17:59.706200
HCM89218188 ,SHOP_010 ,SHP_014    ,Quý cô Bảo Bùi      ,072826293946 ,"1 Dương Làng, Quận Tân Phú, TP.HCM"        ,  250000 ,   30000 ,Đã giao    ,2025-11-24 08:14:26.266246
HCM27112023 ,SHOP_007 ,SHP_007    ,Cô Nhật Dương       ,072866163361 ,"604 Mai Đường, Quận Tân Phú, TP.HCM"       ,  250000 ,   16000 ,Đang lấy   ,2025-11-28 23:48:07.022229
HCM25423522 ,SHOP_003 ,SHP_002    ,Nhật Mai Bảo Lê     ,072237054428 ,"128 Jane Ngõ, Quận Tân Bình, TP.HCM"       , 1200000 ,   16000 ,Đang lấy   ,2025-12-05 04:10:34.289340
HCM33588652 ,SHOP_008 ,SHP_015    ,Trọng Trí Mai       ,073883410725 ,"29 John Ngõ, TP. Thủ Đức, TP.HCM"          , 1200000 ,   22000 ,Hoàn trả   ,2025-12-04 04:29:13.312784
HCM54068092 ,SHOP_008 ,           ,Cô Hải Nguyễn       ,078835656372 ,"9 Jane Ngõ, TP. Thủ Đức, TP.HCM"           ,  150000 ,   16000 ,Hủy        ,2025-11-17 05:07:19.533947
HCM95684162 ,SHOP_006 ,           ,Chị Linh Vũ         ,073280720573 ,"6 John Số, Quận Bình Thạnh, TP.HCM"        ,  150000 ,   16000 ,Mới tạo    ,2025-11-10 04:49:16.860085
HCM93944762 ,SHOP_010 ,SHP_004    ,Thành Thị Phạm      ,077991084846 ,"7 Nguyễn Làng, Quận 6, TP.HCM"             ,       0 ,   16000 ,Đã giao    ,2025-11-11 18:27:56.485105
HCM74108211 ,SHOP_007 ,           ,Hạnh Lê             ,077975641772 ,"649 Jane Khu, Quận 11, TP.HCM"             ,  250000 ,   22000 ,Hủy        ,2025-11-14 07:42:13.590841
HCM10989346 ,SHOP_001 ,           ,Quý cô Lan Bùi      ,078580009715 ,"2 Vũ Hẻm, Huyện Bình Chánh, TP.HCM"        , 1200000 ,   30000 ,Mới tạo    ,2025-11-11 06:59:28.177522
HCM42045746 ,SHOP_005 ,SHP_006    ,Quý cô Yến Vũ       ,077374283634 ,"049 Dương Ngõ, Quận 8, TP.HCM"             ,  500000 ,   30000 ,Đang giao  ,2025-11-21 18:54:18.133392
HCM98740413 ,SHOP_010 ,           ,Chị Chi Vũ          ,072910416311 ,"581 Lê Tổ, Quận Phú Nhuận, TP.HCM"         ,       0 ,   22000 ,Mới tạo    ,2025-11-11 21:01:47.544489
HCM4538898  ,SHOP_005 ,SHP_009    ,Duyên Bùi           ,075972135033 ,"59 Jane Làng, Quận 7, TP.HCM"              ,  150000 ,   30000 ,Đã giao    ,2025-11-29 12:53:34.456159
HCM30017503 ,SHOP_002 ,SHP_004    ,Thành Tấn Hoàng     ,077494933185 ,"11 John Khu, Quận Phú Nhuận, TP.HCM"       ,       0 ,   30000 ,Đang lấy   ,2025-11-28 08:28:39.390655
HCM14693488 ,SHOP_001 ,SHP_006    ,Bà Thành Nguyễn     ,071383580358 ,"339 John Làng, Quận 6, TP.HCM"             ,  500000 ,   22000 ,Đã giao    ,2025-11-22 01:36:41.730794
HCM90093268 ,SHOP_004 ,SHP_010    ,Thành Lê            ,072825029477 ,"533 Mai Tổ, TP. Thủ Đức, TP.HCM"           ,  150000 ,   30000 ,Đang lấy   ,2025-12-01 00:01:49.274793
HCM19194090 ,SHOP_008 ,SHP_010    ,Trung Quang Lê      ,077812320039 ,"6 Vũ Số, Quận Tân Phú, TP.HCM"             ,  500000 ,   30000 ,Đang lấy   ,2025-11-26 17:23:48.875162
HCM87804760 ,SHOP_002 ,SHP_002    ,Quý cô Linh Trần    ,070917462891 ,"1 John Đường, Quận Phú Nhuận, TP.HCM"      ,  500000 ,   22000 ,Đã giao    ,2025-11-21 09:45:34.641588
HCM71391585 ,SHOP_003 ,SHP_011    ,Mai Bùi             ,078393839217 ,"64 Jane Số, Quận Tân Bình, TP.HCM"         ,  150000 ,   30000 ,Đang lấy   ,2025-11-22 23:27:42.347705
HCM66703580 ,SHOP_005 ,           ,Quý cô Linh Dương   ,070295628686 ,"84 John Khu, TP. Thủ Đức, TP.HCM"          , 1200000 ,   30000 ,Hủy        ,2025-12-04 18:30:24.005683
HCM68104036 ,SHOP_007 ,SHP_014    ,Minh Bùi            ,072971234234 ,"66 Jane Đường, Quận 7, TP.HCM"             ,  500000 ,   30000 ,Đã giao    ,2025-11-12 02:44:22.330094
HCM25187619 ,SHOP_010 ,SHP_005    ,Dũng Đức Dương      ,073542812551 ,"6 Đặng Hẻm, Quận 4, TP.HCM"                ,       0 ,   30000 ,Đang giao  ,2025-11-11 07:39:17.434870
HCM30337414 ,SHOP_004 ,SHP_004    ,Trung Mai           ,076661723323 ,"543 Bùi Ngõ, Quận 11, TP.HCM"              ,  250000 ,   22000 ,Đã giao    ,2025-11-16 23:02:26.331232
HCM58292558 ,SHOP_008 ,SHP_007    ,Chị Nhật Trần       ,075134927921 ,"76 Mai Số, Huyện Bình Chánh, TP.HCM"       ,  250000 ,   30000 ,Đang lấy   ,2025-11-29 13:30:59.756522
HCM15902986 ,SHOP_002 ,           ,Hồng Hoàng          ,071099660596 ,"71 Phạm Làng, Quận 10, TP.HCM"             , 1200000 ,   22000 ,Mới tạo    ,2025-12-04 13:41:12.080636
HCM9134289  ,SHOP_003 ,           ,Chị Ánh Vũ          ,075260406897 ,"03 Phạm Tổ, Quận 5, TP.HCM"                ,  150000 ,   16000 ,Hủy        ,2025-11-24 08:16:40.064149
HCM57632021 ,SHOP_001 ,           ,Bảo Tấn Phạm        ,070646814233 ,"3 Hoàng Ngõ, Quận 8, TP.HCM"               ,  250000 ,   16000 ,Hủy        ,2025-12-04 09:57:14.057707
HCM82588898 ,SHOP_008 ,SHP_015    ,Nhật Lê             ,070991179729 ,"811 John Khu, Quận 10, TP.HCM"             ,  250000 ,   22000 ,Hoàn trả   ,2025-11-26 20:57:31.715713
HCM13966535 ,SHOP_006 ,           ,An Trí Hoàng        ,072963344190 ,"685 Mai Tổ, Quận 4, TP.HCM"                ,       0 ,   22000 ,Hủy        ,2025-12-04 11:51:47.993346
HCM20645855 ,SHOP_006 ,SHP_009    ,Vi Nguyễn           ,074588273276 ,"79 Jane Hẻm, Quận 5, TP.HCM"               , 1200000 ,   22000 ,Hoàn trả   ,2025-11-30 07:16:53.739734
HCM18662113 ,SHOP_001 ,           ,Anh Phúc Dương      ,078048261706 ,"1 Bùi Số, Quận Bình Thạnh, TP.HCM"         ,  150000 ,   22000 ,Hủy        ,2025-11-11 07:42:18.311696
HCM47611925 ,SHOP_010 ,SHP_007    ,Xuân Lê             ,073389082324 ,"338 Đặng Ngõ, Quận Gò Vấp, TP.HCM"         ,  250000 ,   30000 ,Hoàn trả   ,2025-12-05 07:12:39.334529
HCM60538378 ,SHOP_001 ,           ,Chị Vi Mai          ,071602907203 ,"30 John Dãy, Quận Gò Vấp, TP.HCM"          ,  250000 ,   16000 ,Hủy        ,2025-11-25 13:12:54.784854
HCM56704843 ,SHOP_006 ,           ,Cô Lâm Phạm         ,078633046290 ,"884 Trần Tổ, Huyện Bình Chánh, TP.HCM"     ,  250000 ,   30000 ,Mới tạo    ,2025-12-05 22:46:29.852038
HCM91610622 ,SHOP_005 ,SHP_006    ,Quý ông Tùng Dương  ,073168471502 ,"710 Jane Đường, Quận 11, TP.HCM"           ,       0 ,   16000 ,Đang giao  ,2025-12-04 14:33:43.133768
HCM13467814 ,SHOP_008 ,SHP_002    ,Cô Thảo Vũ          ,074448313646 ,"131 Jane Số, Quận Tân Phú, TP.HCM"         , 1200000 ,   22000 ,Đã giao    ,2025-11-30 13:15:09.785022
HCM84374302 ,SHOP_003 ,           ,Quý ông Anh Đặng    ,077013786727 ,"176 Jane Tổ, Quận 10, TP.HCM"              , 1200000 ,   16000 ,Hủy        ,2025-11-10 02:35:10.870324
HCM88340460 ,SHOP_005 ,SHP_005    ,Thành Bùi           ,074546439583 ,"103 John Hẻm, Quận 10, TP.HCM"             , 1200000 ,   30000 ,Đang giao  ,2025-11-23 14:13:20.359836
HCM26256150 ,SHOP_009 ,SHP_003    ,Vũ Văn Phạm         ,078497827546 ,"5 Jane Tổ, Quận 3, TP.HCM"                 ,       0 ,   30000 ,Đã giao    ,2025-11-13 21:54:17.078823
HCM24482137 ,SHOP_007 ,           ,Chị Phương Đặng     ,077424565277 ,"17 Hoàng Ngõ, Quận 3, TP.HCM"              ,       0 ,   16000 ,Hủy        ,2025-11-22 18:39:01.291371
HCM37886259 ,SHOP_004 ,           ,Thành Phú Đặng      ,075911931695 ,"77 Mai Làng, TP. Thủ Đức, TP.HCM"          , 1200000 ,   30000 ,Mới tạo    ,2025-11-26 07:55:10.147454
HCM76469401 ,SHOP_009 ,SHP_004    ,Dương Bùi           ,073911899322 ,"126 Phạm Hẻm, Quận Gò Vấp, TP.HCM"         ,  150000 ,   30000 ,Đang lấy   ,2025-11-09 07:15:45.512193
HCM2942172  ,SHOP_005 ,           ,Quý cô Xuân Trần    ,078231670868 ,"479 Đặng Hẻm, Quận 1, TP.HCM"              , 1200000 ,   16000 ,Mới tạo    ,2025-11-12 11:02:56.603493
HCM30021945 ,SHOP_005 ,SHP_012    ,Quang Vũ            ,073625465384 ,"80 Phạm Làng, Quận 10, TP.HCM"             ,  500000 ,   22000 ,Đang giao  ,2025-11-09 22:41:40.043910
HCM14224221 ,SHOP_002 ,SHP_008    ,Phương Lê           ,078740232101 ,"7 John Tổ, Quận 3, TP.HCM"                 , 1200000 ,   16000 ,Đã giao    ,2025-11-23 00:42:40.163347
HCM28427979 ,SHOP_004 ,SHP_013    ,Lâm Dương           ,079675424164 ,"7 Lê Dãy, Quận 4, TP.HCM"                  ,  500000 ,   16000 ,Hoàn trả   ,2025-11-24 05:59:41.986659
HCM45296924 ,SHOP_007 ,SHP_005    ,Mai Hoàng           ,074849127031 ,"04 Nguyễn Ngõ, Quận 10, TP.HCM"            ,  250000 ,   22000 ,Đã giao    ,2025-11-10 21:55:14.154701
HCM175451   ,SHOP_003 ,SHP_007    ,Trọng Trần          ,072328378567 ,"900 Trần Khu, Quận Tân Bình, TP.HCM"       ,  150000 ,   16000 ,Đang lấy   ,2025-11-20 13:10:20.352393
HCM38647028 ,SHOP_006 ,           ,Bác Vũ Hoàng        ,077056639643 ,"57 Jane Làng, Quận 10, TP.HCM"             ,  500000 ,   22000 ,Mới tạo    ,2025-11-27 02:35:59.917369
HCM14456332 ,SHOP_006 ,SHP_014    ,Chị Vi Vũ           ,077594401248 ,"3 Hoàng Số, Quận 6, TP.HCM"                ,  250000 ,   22000 ,Hoàn trả   ,2025-11-23 08:45:28.056727
HCM31620000 ,SHOP_002 ,SHP_003    ,Dũng Hoàng          ,071639799114 ,"61 Jane Dãy, Quận 4, TP.HCM"               ,  500000 ,   16000 ,Đang giao  ,2025-11-24 14:40:08.636284
HCM17805358 ,SHOP_004 ,SHP_015    ,Hải Phạm            ,077472566046 ,"429 Phạm Dãy, Quận 11, TP.HCM"             ,  500000 ,   16000 ,Đang lấy   ,2025-11-12 01:04:03.236946
HCM26326830 ,SHOP_003 ,SHP_013    ,Thành Dương         ,070437572633 ,"9 Đặng Số, Quận 12, TP.HCM"                , 1200000 ,   30000 ,Đang giao  ,2025-11-23 10:35:55.649031
HCM34155641 ,SHOP_007 ,           ,Anh Vũ              ,077556507153 ,"12 Đặng Khu, Quận 11, TP.HCM"              ,  250000 ,   30000 ,Mới tạo    ,2025-11-19 10:39:08.747584
HCM54187255 ,SHOP_010 ,SHP_006    ,Lâm Mai Trần        ,077263721172 ,"3 Mai Số, Quận Phú Nhuận, TP.HCM"          , 1200000 ,   30000 ,Đang giao  ,2025-11-27 22:20:28.910173
HCM42920292 ,SHOP_008 ,SHP_009    ,Hoàng Hoàng Lê      ,077653517094 ,"6 Mai Hẻm, Quận 11, TP.HCM"                ,       0 ,   22000 ,Đã giao    ,2025-11-19 13:04:23.904310
HCM81226461 ,SHOP_009 ,SHP_011    ,Anh Dương           ,074530782885 ,"99 Dương Hẻm, Quận 11, TP.HCM"             , 1200000 ,   16000 ,Đang lấy   ,2025-11-15 04:18:16.055614
HCM22508409 ,SHOP_001 ,SHP_003    ,Kim Mai             ,070109722976 ,"356 Đặng Khu, Quận Phú Nhuận, TP.HCM"      ,  150000 ,   22000 ,Đã giao    ,2025-11-15 02:54:55.041457
HCM9508701  ,SHOP_006 ,SHP_006    ,Vũ Hữu Trần         ,073747874685 ,"87 Lê Đường, Quận 1, TP.HCM"               ,       0 ,   30000 ,Đã giao    ,2025-11-11 19:16:59.322727
HCM54412533 ,SHOP_007 ,SHP_012    ,Khoa Đức Nguyễn     ,070227105198 ,"379 Jane Hẻm, Quận 3, TP.HCM"              ,  500000 ,   30000 ,Đã giao    ,2025-11-20 18:40:25.527799
HCM56536916 ,SHOP_001 ,SHP_015    ,Trung Phạm          ,072927809020 ,"71 Vũ Đường, Quận Bình Thạnh, TP.HCM"      , 1200000 ,   16000 ,Hoàn trả   ,2025-11-11 15:31:09.748887
HCM72601750 ,SHOP_001 ,SHP_012    ,Hà Mai Bảo Vũ       ,078667693009 ,"39 John Khu, Quận 7, TP.HCM"               ,  150000 ,   30000 ,Đã giao    ,2025-11-28 14:08:49.394727
HCM24898157 ,SHOP_006 ,           ,Hà Dương            ,074754750093 ,"111 Jane Làng, Quận Bình Thạnh, TP.HCM"    ,       0 ,   30000 ,Hủy        ,2025-11-16 14:31:19.936155
HCM6772759  ,SHOP_007 ,           ,Huy Lê              ,075762230428 ,"6 Đặng Dãy, Quận 3, TP.HCM"                ,  250000 ,   30000 ,Mới tạo    ,2025-11-30 23:30:07.068611
HCM45241460 ,SHOP_001 ,           ,Anh Minh Nguyễn     ,076043801742 ,"077 Nguyễn Số, Quận 4, TP.HCM"             ,       0 ,   30000 ,Hủy        ,2025-11-13 22:51:04.527197
HCM46135067 ,SHOP_009 ,           ,An Vũ               ,072366232580 ,"952 Mai Hẻm, Quận 3, TP.HCM"               , 1200000 ,   22000 ,Hủy        ,2025-11-11 22:45:06.526414
HCM64606317 ,SHOP_007 ,SHP_014    ,Chị Bảo Nguyễn      ,074762677682 ,"00 Jane Khu, Quận 4, TP.HCM"               ,       0 ,   30000 ,Đang giao  ,2025-11-24 21:06:35.262472
HCM76291098 ,SHOP_002 ,           ,Anh Trần            ,078929164923 ,"957 Jane Khu, Quận Tân Bình, TP.HCM"       ,  150000 ,   30000 ,Mới tạo    ,2025-12-01 04:40:46.427684
HCM94304328 ,SHOP_010 ,           ,Tùng Vũ             ,073276842486 ,"756 Phạm Ngõ, Quận 1, TP.HCM"              ,       0 ,   30000 ,Mới tạo    ,2025-12-02 10:20:07.194466
HCM28223437 ,SHOP_007 ,SHP_012    ,Quý cô An Phạm      ,072240161095 ,"89 John Khu, Quận 8, TP.HCM"               ,  500000 ,   22000 ,Đã giao    ,2025-11-27 18:17:48.909700
HCM14942153 ,SHOP_009 ,SHP_004    ,Khoa Phạm           ,079762887398 ,"515 Jane Ngõ, Quận 5, TP.HCM"              ,       0 ,   16000 ,Đang lấy   ,2025-11-13 07:05:22.791121
HCM1760223  ,SHOP_009 ,           ,Chị Kim Vũ          ,070403077929 ,"548 John Dãy, Huyện Bình Chánh, TP.HCM"    ,  500000 ,   16000 ,Hủy        ,2025-11-17 15:25:46.982254
HCM39749028 ,SHOP_007 ,SHP_007    ,An Tấn Nguyễn       ,071753402696 ,"38 Jane Tổ, Quận Tân Phú, TP.HCM"          ,  500000 ,   30000 ,Đã giao    ,2025-12-02 01:34:06.207789
HCM29108636 ,SHOP_010 ,           ,Hà Mai              ,075454750487 ,"432 Mai Hẻm, Quận 1, TP.HCM"               ,       0 ,   16000 ,Hủy        ,2025-11-22 00:15:27.381805
HCM10390161 ,SHOP_001 ,SHP_013    ,Bà Mai Trần         ,075579849639 ,"01 Bùi Đường, Quận 12, TP.HCM"             ,  150000 ,   22000 ,Đang lấy   ,2025-12-02 13:13:51.258199
HCM47919905 ,SHOP_007 ,SHP_005    ,Quý cô Lâm Bùi      ,074218648131 ,"7 Jane Khu, Quận Phú Nhuận, TP.HCM"        ,  500000 ,   22000 ,Đang lấy   ,2025-12-08 14:11:05.539222
HCM28491985 ,SHOP_001 ,SHP_005    ,Bà Khoa Đặng        ,072840723393 ,"88 Jane Dãy, Quận Gò Vấp, TP.HCM"          ,  150000 ,   30000 ,Hoàn trả   ,2025-12-06 18:14:50.576733
HCM72537596 ,SHOP_008 ,SHP_002    ,Duyên Đặng          ,070624115197 ,"80 John Dãy, Quận Gò Vấp, TP.HCM"          ,  150000 ,   16000 ,Đã giao    ,2025-11-20 15:36:04.502714
HCM91742524 ,SHOP_006 ,SHP_009    ,Bác Quang Hoàng     ,071970772262 ,"69 John Đường, TP. Thủ Đức, TP.HCM"        ,  150000 ,   22000 ,Đã giao    ,2025-12-03 17:45:19.144718
HCM72790072 ,SHOP_001 ,           ,Quý cô Vân Trần     ,070043494823 ,"4 John Số, Quận 1, TP.HCM"                 ,  500000 ,   22000 ,Hủy        ,2025-11-30 00:22:38.836443
HCM61906394 ,SHOP_002 ,SHP_002    ,Bà Vân Đặng         ,070025361121 ,"871 John Ngõ, Quận 6, TP.HCM"              ,  500000 ,   22000 ,Đang lấy   ,2025-11-15 20:43:18.222187
HCM16066920 ,SHOP_003 ,SHP_012    ,Lan Dương           ,074624687407 ,"7 Bùi Hẻm, Quận Gò Vấp, TP.HCM"            ,       0 ,   22000 ,Đang giao  ,2025-11-16 05:24:55.185579
HCM80636307 ,SHOP_008 ,SHP_011    ,Ông Anh Trần        ,079056678418 ,"20 Vũ Tổ, Quận 3, TP.HCM"                  ,  250000 ,   16000 ,Hoàn trả   ,2025-12-03 22:41:46.687038
HCM74859645 ,SHOP_008 ,SHP_008    ,Phương Trần         ,071927557964 ,"8 John Khu, Quận Phú Nhuận, TP.HCM"        , 1200000 ,   30000 ,Hoàn trả   ,2025-11-19 20:47:43.257167
HCM69273186 ,SHOP_003 ,           ,Quý ông Thành Trần  ,077324461940 ,"9 Trần Khu, Quận Phú Nhuận, TP.HCM"        , 1200000 ,   16000 ,Hủy        ,2025-11-14 06:56:02.824549
HCM9368469  ,SHOP_007 ,           ,Quý ông Hưng Nguyễn ,075443264140 ,"26 John Làng, Quận Bình Thạnh, TP.HCM"     ,       0 ,   22000 ,Hủy        ,2025-12-06 00:34:59.390805
HCM70099204 ,SHOP_009 ,SHP_001    ,Bà Xuân Dương       ,078230578610 ,"65 John Đường, Quận 11, TP.HCM"            ,  150000 ,   16000 ,Đã giao    ,2025-11-25 20:35:05.829376
HCM36249834 ,SHOP_006 ,SHP_009    ,Chị Thảo Hoàng      ,077860206496 ,"782 Dương Làng, TP. Thủ Đức, TP.HCM"       ,       0 ,   30000 ,Hoàn trả   ,2025-11-15 23:32:31.748502
HCM41639514 ,SHOP_003 ,SHP_011    ,Xuân Hoàng          ,073263699827 ,"5 Trần Làng, Quận Gò Vấp, TP.HCM"          , 1200000 ,   30000 ,Đã giao    ,2025-11-24 18:39:47.955418
HCM36718625 ,SHOP_001 ,           ,Yến Lê              ,078372509376 ,"7 Jane Ngõ, Quận 7, TP.HCM"                ,  150000 ,   22000 ,Hủy        ,2025-11-21 23:47:26.305805
HCM74885592 ,SHOP_004 ,SHP_008    ,Trọng Đức Mai       ,079092299407 ,"205 John Ngõ, Quận 10, TP.HCM"             ,       0 ,   16000 ,Đã giao    ,2025-11-26 17:19:49.107881
HCM19025324 ,SHOP_001 ,           ,Cô Nhật Đặng        ,075967312162 ,"7 Jane Làng, Quận Tân Bình, TP.HCM"        ,       0 ,   30000 ,Mới tạo    ,2025-11-14 07:29:15.518122
HCM89092007 ,SHOP_001 ,SHP_006    ,Thảo Mai            ,075924908860 ,"467 Dương Dãy, Quận Tân Bình, TP.HCM"      ,       0 ,   16000 ,Hoàn trả   ,2025-12-05 00:56:58.536572
HCM478088   ,SHOP_003 ,           ,Quý cô Nhật Vũ      ,070559480121 ,"20 Đặng Dãy, Quận 3, TP.HCM"               ,  150000 ,   16000 ,Mới tạo    ,2025-11-14 16:53:10.850670
HCM14748121 ,SHOP_009 ,SHP_010    ,Nhật Hữu Trần       ,076149319108 ,"227 Jane Làng, Quận 7, TP.HCM"             ,  150000 ,   16000 ,Đang lấy   ,2025-12-06 18:43:26.477122
HCM80301823 ,SHOP_008 ,           ,Hồng Lê             ,071490819843 ,"28 Mai Tổ, Quận 1, TP.HCM"                 ,       0 ,   16000 ,Mới tạo    ,2025-11-20 04:11:07.788660
HCM51593071 ,SHOP_004 ,           ,Quý ông Khoa Hoàng  ,070712416165 ,"70 Jane Làng, Quận 4, TP.HCM"              ,  250000 ,   30000 ,Hủy        ,2025-12-05 11:44:20.475203
HCM6298677  ,SHOP_002 ,SHP_009    ,Anh Hưng Phạm       ,073011729044 ,"6 John Hẻm, Huyện Bình Chánh, TP.HCM"      ,       0 ,   22000 ,Đang lấy   ,2025-11-28 12:48:38.861255
HCM77546907 ,SHOP_006 ,           ,Quý cô Hải Bùi      ,078343093535 ,"16 Trần Hẻm, Quận 10, TP.HCM"              , 1200000 ,   30000 ,Hủy        ,2025-11-15 12:36:22.210656
HCM79335863 ,SHOP_009 ,SHP_008    ,Nhật Phạm           ,079973300747 ,"04 John Ngõ, Quận Bình Thạnh, TP.HCM"      ,  500000 ,   30000 ,Đang giao  ,2025-12-02 06:18:54.044144
HCM77447764 ,SHOP_007 ,SHP_002    ,Tùng Hoàng          ,076510831908 ,"257 John Tổ, Quận 8, TP.HCM"               ,  500000 ,   30000 ,Đang giao  ,2025-11-28 10:52:07.620604
HCM90771721 ,SHOP_002 ,           ,Chị Nhật Lê         ,078822092928 ,"19 Nguyễn Tổ, Quận Tân Bình, TP.HCM"       , 1200000 ,   30000 ,Hủy        ,2025-12-08 20:41:29.852018
HCM23061151 ,SHOP_004 ,           ,Linh Lê             ,071841105122 ,"4 Dương Tổ, Quận 10, TP.HCM"               ,  500000 ,   22000 ,Hủy        ,2025-11-22 15:08:55.604326
HCM30478759 ,SHOP_010 ,SHP_005    ,Ông Tùng Bùi        ,070371547944 ,"9 Vũ Hẻm, Quận Bình Thạnh, TP.HCM"         ,  150000 ,   22000 ,Đã giao    ,2025-12-05 01:39:15.880235
HCM40732084 ,SHOP_006 ,SHP_011    ,Anh Minh Trần       ,070929305373 ,"7 Mai Khu, Quận Gò Vấp, TP.HCM"            ,       0 ,   30000 ,Đã giao    ,2025-11-16 13:23:09.436293
HCM8419331  ,SHOP_009 ,SHP_015    ,Minh Mai            ,077004075120 ,"25 Đặng Số, Quận 7, TP.HCM"                ,       0 ,   16000 ,Hoàn trả   ,2025-11-11 21:01:53.219347
HCM62362417 ,SHOP_002 ,SHP_015    ,Hà Phạm             ,079779467518 ,"6 Dương Số, Quận 5, TP.HCM"                ,  250000 ,   16000 ,Hoàn trả   ,2025-12-08 14:20:01.602181
HCM92751649 ,SHOP_001 ,SHP_015    ,Cô Duyên Phạm       ,078766391403 ,"5 Mai Đường, Quận Gò Vấp, TP.HCM"          ,       0 ,   16000 ,Đang giao  ,2025-11-17 03:07:38.541317
HCM63840258 ,SHOP_006 ,SHP_003    ,Bà Yến Hoàng        ,073093337140 ,"314 John Số, Quận Phú Nhuận, TP.HCM"       , 1200000 ,   16000 ,Đang giao  ,2025-11-10 21:38:48.226061
HCM44060466 ,SHOP_008 ,SHP_010    ,Nhật Hoàng Bùi      ,077898860264 ,"56 Lê Khu, Quận 3, TP.HCM"                 ,  500000 ,   30000 ,Đang lấy   ,2025-11-28 14:55:18.228479
HCM95868528 ,SHOP_001 ,SHP_010    ,Chị An Đặng         ,077988542463 ,"47 Trần Số, Quận 5, TP.HCM"                ,  150000 ,   30000 ,Đang lấy   ,2025-11-14 22:54:18.734173
HCM40274589 ,SHOP_006 ,SHP_010    ,Quý cô Lan Dương    ,078738768626 ,"6 Jane Đường, Quận 11, TP.HCM"             ,       0 ,   22000 ,Hoàn trả   ,2025-12-02 10:21:27.458826
HCM16366513 ,SHOP_007 ,SHP_006    ,Quý cô Lâm Trần     ,079802839974 ,"346 Jane Hẻm, Quận 8, TP.HCM"              ,       0 ,   16000 ,Đang giao  ,2025-11-26 20:41:11.067449
HCM32594006 ,SHOP_004 ,SHP_010    ,Vân Vũ              ,074892865122 ,"15 John Tổ, Quận 3, TP.HCM"                ,  150000 ,   30000 ,Đang lấy   ,2025-11-12 02:52:42.157640
HCM19767451 ,SHOP_008 ,           ,Bảo Bảo Mai         ,079152198734 ,"47 Bùi Làng, Huyện Bình Chánh, TP.HCM"     ,       0 ,   16000 ,Mới tạo    ,2025-11-29 07:02:18.069658
HCM49283915 ,SHOP_001 ,SHP_004    ,Nam Bùi             ,078359444004 ,"370 Vũ Hẻm, Quận Tân Phú, TP.HCM"          ,  150000 ,   30000 ,Đã giao    ,2025-11-23 01:01:38.969931
HCM27694602 ,SHOP_009 ,SHP_008    ,Chi Vũ              ,076547653029 ,"62 Đặng Đường, Quận 6, TP.HCM"             , 1200000 ,   16000 ,Đang giao  ,2025-12-03 02:30:34.612146
HCM60187128 ,SHOP_006 ,           ,Anh Dương           ,070777548717 ,"406 Dương Hẻm, Quận Tân Phú, TP.HCM"       , 1200000 ,   22000 ,Hủy        ,2025-11-13 11:13:10.312403
HCM85425677 ,SHOP_002 ,           ,Quý ông Quang Hoàng ,076281682865 ,"1 John Số, Huyện Bình Chánh, TP.HCM"       ,  150000 ,   16000 ,Hủy        ,2025-12-02 19:30:08.695482
HCM6480267  ,SHOP_007 ,SHP_014    ,Hải Xuân Phạm       ,079200193661 ,"7 Jane Số, Quận Bình Thạnh, TP.HCM"        ,  150000 ,   30000 ,Đã giao    ,2025-11-18 09:22:59.820616
HCM42681610 ,SHOP_003 ,SHP_013    ,Nam Đặng            ,076304307669 ,"926 Jane Khu, Quận Phú Nhuận, TP.HCM"      ,  500000 ,   30000 ,Hoàn trả   ,2025-11-09 15:09:38.097606
HCM15032902 ,SHOP_005 ,SHP_003    ,Tú Xuân Bùi         ,073226899153 ,"88 John Khu, Quận 6, TP.HCM"               , 1200000 ,   22000 ,Đã giao    ,2025-11-09 13:22:45.370520
HCM20529463 ,SHOP_006 ,           ,Chị Thảo Đặng       ,074385564386 ,"5 Bùi Tổ, Quận Tân Bình, TP.HCM"           ,  150000 ,   30000 ,Mới tạo    ,2025-11-14 20:27:41.124112
HCM9143094  ,SHOP_003 ,SHP_004    ,Bảo Mai Dương       ,076243279565 ,"6 Jane Số, Quận 4, TP.HCM"                 ,  250000 ,   16000 ,Đang lấy   ,2025-11-10 16:29:43.307839
HCM2832896  ,SHOP_008 ,SHP_003    ,Quý cô Lan Hoàng    ,077619608011 ,"697 John Đường, Quận 12, TP.HCM"           ,  150000 ,   30000 ,Hoàn trả   ,2025-11-09 07:32:21.255151
HCM89272886 ,SHOP_007 ,SHP_001    ,Hạnh Hoàng          ,073866443568 ,"246 Jane Khu, Quận Tân Phú, TP.HCM"        , 1200000 ,   30000 ,Đang giao  ,2025-11-09 21:02:03.752995
HCM82897500 ,SHOP_008 ,SHP_013    ,Hoàng Mai Bảo Lê    ,078639547091 ,"6 Nguyễn Số, Quận 7, TP.HCM"               ,  250000 ,   30000 ,Hoàn trả   ,2025-11-11 03:30:53.913805
HCM31734914 ,SHOP_005 ,           ,Hà Hải Vũ           ,072141102667 ,"7 John Đường, Huyện Bình Chánh, TP.HCM"    ,  250000 ,   16000 ,Mới tạo    ,2025-11-27 16:01:02.766459
HCM57911946 ,SHOP_003 ,SHP_008    ,Hà Quang Đặng       ,072107057236 ,"72 Phạm Hẻm, Quận Gò Vấp, TP.HCM"          , 1200000 ,   30000 ,Đang lấy   ,2025-12-07 21:01:27.744322
HCM32285384 ,SHOP_004 ,SHP_001    ,Chị Hà Nguyễn       ,079762803616 ,"06 Vũ Hẻm, Quận Phú Nhuận, TP.HCM"         ,  250000 ,   30000 ,Đang lấy   ,2025-11-16 00:17:42.114534
HCM1913557  ,SHOP_002 ,SHP_009    ,Chị Hà Dương        ,072688998032 ,"7 Nguyễn Hẻm, Quận Tân Phú, TP.HCM"        ,  150000 ,   16000 ,Đã giao    ,2025-11-17 21:26:25.152236
HCM74437320 ,SHOP_006 ,SHP_007    ,Hồng Mai            ,077876795486 ,"459 John Dãy, Quận 3, TP.HCM"              , 1200000 ,   30000 ,Đang lấy   ,2025-11-20 13:14:42.045774
HCM95429626 ,SHOP_010 ,           ,Bà Ánh Mai          ,077522555793 ,"1 Phạm Khu, Quận Phú Nhuận, TP.HCM"        , 1200000 ,   30000 ,Hủy        ,2025-12-04 07:00:58.183572
HCM43468261 ,SHOP_005 ,SHP_001    ,Hoàng Đặng          ,079849774323 ,"4 Jane Làng, Quận Tân Bình, TP.HCM"        ,  250000 ,   22000 ,Đang lấy   ,2025-11-14 21:12:54.794862
HCM8960149  ,SHOP_009 ,SHP_010    ,Lâm Mai             ,074210401741 ,"6 Mai Đường, Huyện Bình Chánh, TP.HCM"     , 1200000 ,   16000 ,Hoàn trả   ,2025-11-15 10:04:18.434369
HCM86592585 ,SHOP_003 ,SHP_012    ,Ông Anh Dương       ,075657841295 ,"830 Nguyễn Dãy, Quận 1, TP.HCM"            , 1200000 ,   22000 ,Đang giao  ,2025-11-30 06:56:24.596000
HCM12675772 ,SHOP_002 ,SHP_009    ,Khoa Bùi            ,072036969677 ,"049 John Đường, Quận 1, TP.HCM"            ,       0 ,   16000 ,Đã giao    ,2025-11-16 19:12:49.158042
HCM39173    ,SHOP_005 ,           ,Quý cô Hải Phạm     ,076203657582 ,"83 Phạm Tổ, Quận 12, TP.HCM"               ,       0 ,   30000 ,Mới tạo    ,2025-11-20 11:07:53.821387
HCM3171800  ,SHOP_003 ,SHP_010    ,Bảo Đức Phạm        ,074549700344 ,"589 Jane Đường, TP. Thủ Đức, TP.HCM"       ,  150000 ,   22000 ,Đang giao  ,2025-12-03 03:49:53.863461
HCM88441149 ,SHOP_006 ,           ,Cô Vân Bùi          ,075970333912 ,"54 Vũ Số, Quận 3, TP.HCM"                  ,  150000 ,   30000 ,Mới tạo    ,2025-11-23 11:23:59.474414
HCM37208233 ,SHOP_009 ,           ,Châu Đức Phạm       ,078564128743 ,"239 Lê Dãy, Quận 8, TP.HCM"                ,  250000 ,   16000 ,Hủy        ,2025-12-03 14:20:19.109581
HCM79109744 ,SHOP_006 ,           ,Hương Đặng          ,074849344697 ,"63 John Khu, Quận Tân Phú, TP.HCM"         ,  500000 ,   30000 ,Hủy        ,2025-12-02 01:17:05.820709
HCM1328058  ,SHOP_007 ,SHP_014    ,Quý cô Kim Đặng     ,077237538136 ,"0 Jane Số, Quận Tân Phú, TP.HCM"           ,  150000 ,   30000 ,Đang lấy   ,2025-12-04 14:13:04.038875
HCM68124779 ,SHOP_006 ,SHP_002    ,Quang Xuân Nguyễn   ,078456872625 ,"558 Jane Dãy, Quận Gò Vấp, TP.HCM"         ,  250000 ,   22000 ,Đang giao  ,2025-12-01 03:31:01.499195
HCM97935936 ,SHOP_002 ,           ,Quý cô Mai Mai      ,077637273874 ,"74 Vũ Ngõ, Quận Phú Nhuận, TP.HCM"         ,  500000 ,   16000 ,Mới tạo    ,2025-11-21 05:01:08.304744
HCM75992125 ,SHOP_009 ,           ,Duyên Phạm          ,074792558789 ,"98 Jane Đường, Quận 8, TP.HCM"             ,  500000 ,   22000 ,Mới tạo    ,2025-11-28 05:31:21.769652
HCM32822470 ,SHOP_009 ,           ,Nhật Vũ             ,077870161962 ,"4 Bùi Khu, Quận 4, TP.HCM"                 ,  250000 ,   30000 ,Mới tạo    ,2025-12-05 07:30:05.270333
HCM61670205 ,SHOP_009 ,SHP_007    ,Cô Yến Bùi          ,072379973834 ,"34 Mai Dãy, Quận 6, TP.HCM"                ,  250000 ,   22000 ,Hoàn trả   ,2025-11-15 04:20:20.547545
HCM29686473 ,SHOP_002 ,SHP_001    ,Nhật Hải Hoàng      ,075515891316 ,"71 Jane Hẻm, Quận 11, TP.HCM"              ,       0 ,   16000 ,Đang lấy   ,2025-12-04 13:34:26.679379
HCM22300650 ,SHOP_005 ,           ,Trung Phú Dương     ,076839001943 ,"8 Trần Đường, Quận Bình Thạnh, TP.HCM"     ,  500000 ,   16000 ,Hủy        ,2025-12-02 15:06:15.664361
HCM63752059 ,SHOP_010 ,           ,Nhật Mai            ,071529541274 ,"64 Bùi Đường, Quận 1, TP.HCM"              ,       0 ,   30000 ,Mới tạo    ,2025-11-30 17:53:14.751175
HCM85310016 ,SHOP_005 ,SHP_005    ,Cô Thảo Lê          ,070021825736 ,"87 Bùi Số, Quận Phú Nhuận, TP.HCM"         , 1200000 ,   30000 ,Đang giao  ,2025-12-08 20:51:38.293285
HCM98980520 ,SHOP_005 ,SHP_014    ,Châu Tấn Bùi        ,076163864064 ,"78 Phạm Đường, Quận 11, TP.HCM"            , 1200000 ,   30000 ,Hoàn trả   ,2025-11-16 05:17:34.638426
HCM80821968 ,SHOP_005 ,SHP_007    ,Bảo Trần            ,073422229314 ,"01 Jane Dãy, Quận Bình Thạnh, TP.HCM"      ,  500000 ,   16000 ,Hoàn trả   ,2025-12-03 03:27:17.212596
HCM82715940 ,SHOP_003 ,SHP_011    ,Quang Dương         ,075805294777 ,"634 Lê Đường, Quận 11, TP.HCM"             ,  150000 ,   30000 ,Hoàn trả   ,2025-12-05 13:06:20.152190
HCM62552679 ,SHOP_004 ,           ,Minh Xuân Nguyễn    ,079242728508 ,"1 Phạm Hẻm, Quận Tân Phú, TP.HCM"          ,       0 ,   16000 ,Mới tạo    ,2025-11-19 02:53:21.505058
HCM16801260 ,SHOP_002 ,SHP_013    ,An Mai Bảo Trần     ,072939736327 ,"78 John Đường, Quận 5, TP.HCM"             , 1200000 ,   30000 ,Đang giao  ,2025-11-10 18:16:45.780896
HCM69542850 ,SHOP_001 ,           ,Anh Bảo Trần        ,074427411122 ,"9 John Số, Quận 12, TP.HCM"                ,       0 ,   16000 ,Mới tạo    ,2025-11-10 03:35:04.419618
HCM92741309 ,SHOP_009 ,           ,Bà Nhật Đặng        ,072525362594 ,"283 John Tổ, Quận 10, TP.HCM"              ,  150000 ,   22000 ,Mới tạo    ,2025-11-19 00:13:03.774305
HCM33111536 ,SHOP_010 ,           ,Bảo Mai Bảo Phạm    ,075145039355 ,"2 John Hẻm, Quận 12, TP.HCM"               ,  250000 ,   30000 ,Hủy        ,2025-11-22 05:16:51.662987
HCM35026264 ,SHOP_004 ,SHP_014    ,Hoàng Trí Vũ        ,071958466908 ,"76 John Hẻm, Quận 12, TP.HCM"              , 1200000 ,   16000 ,Đang lấy   ,2025-12-04 04:25:40.003567
HCM70558958 ,SHOP_005 ,SHP_001    ,Bác Dũng Vũ         ,070070538087 ,"80 Bùi Số, TP. Thủ Đức, TP.HCM"            ,       0 ,   22000 ,Hoàn trả   ,2025-11-21 11:49:31.597171
HCM6441162  ,SHOP_006 ,SHP_013    ,Chị Lâm Trần        ,076144623247 ,"356 Nguyễn Ngõ, Quận 11, TP.HCM"           ,  150000 ,   22000 ,Đã giao    ,2025-11-17 14:49:35.287535
HCM40684923 ,SHOP_007 ,           ,Phương Trần         ,077214830809 ,"420 John Làng, Quận Tân Phú, TP.HCM"       , 1200000 ,   30000 ,Hủy        ,2025-11-11 00:25:45.428584
HCM25550375 ,SHOP_003 ,SHP_012    ,Ông Quang Đặng      ,079060030956 ,"208 Đặng Ngõ, Quận Tân Phú, TP.HCM"        ,  500000 ,   22000 ,Đang giao  ,2025-11-26 15:46:38.297480
HCM82395847 ,SHOP_006 ,SHP_008    ,Cô Dương Lê         ,074065041593 ,"46 Trần Ngõ, Quận 3, TP.HCM"               , 1200000 ,   16000 ,Đang giao  ,2025-11-24 13:51:02.289032
HCM19252173 ,SHOP_009 ,           ,Châu Vũ             ,070481999131 ,"1 John Khu, Quận Phú Nhuận, TP.HCM"        ,  150000 ,   30000 ,Hủy        ,2025-11-23 21:36:10.512190
HCM38372605 ,SHOP_007 ,SHP_003    ,Quý ông Bảo Đặng    ,076631789453 ,"7 Jane Dãy, Quận 11, TP.HCM"               , 1200000 ,   30000 ,Đang lấy   ,2025-11-22 00:55:57.090347
HCM67783784 ,SHOP_002 ,SHP_008    ,Bà Hải Trần         ,079523233695 ,"34 Mai Làng, Quận Phú Nhuận, TP.HCM"       ,  500000 ,   22000 ,Đang giao  ,2025-11-26 16:48:02.169997
HCM42091797 ,SHOP_010 ,SHP_003    ,Linh Đặng           ,071210656266 ,"70 Lê Đường, Quận 1, TP.HCM"               , 1200000 ,   22000 ,Đã giao    ,2025-11-23 18:15:02.089922
HCM43030184 ,SHOP_002 ,           ,Nam Phạm            ,078473966466 ,"604 Jane Đường, Quận Tân Bình, TP.HCM"     ,  150000 ,   16000 ,Mới tạo    ,2025-11-24 04:15:20.559556
HCM50423647 ,SHOP_002 ,SHP_014    ,Bác Hưng Vũ         ,077727523414 ,"537 Nguyễn Ngõ, TP. Thủ Đức, TP.HCM"       ,       0 ,   22000 ,Đang giao  ,2025-12-03 00:22:00.984744
HCM85011242 ,SHOP_010 ,           ,Phúc Tấn Bùi        ,075177753148 ,"20 Jane Khu, Quận 8, TP.HCM"               ,  500000 ,   30000 ,Hủy        ,2025-11-20 01:56:00.174898
HCM34098944 ,SHOP_002 ,SHP_012    ,Chị Hải Phạm        ,076785951060 ,"20 Trần Khu, Quận Bình Thạnh, TP.HCM"      ,  150000 ,   30000 ,Đang giao  ,2025-12-02 00:11:11.965188
HCM5949844  ,SHOP_007 ,           ,Yến Bùi             ,078931120531 ,"3 John Khu, Quận Tân Bình, TP.HCM"         ,  250000 ,   30000 ,Mới tạo    ,2025-11-09 09:36:52.748783
HCM20718916 ,SHOP_002 ,SHP_015    ,Chị Vi Đặng         ,074495879192 ,"3 Trần Số, Quận 10, TP.HCM"                , 1200000 ,   30000 ,Đang giao  ,2025-12-01 09:25:07.274907
HCM59490442 ,SHOP_005 ,SHP_001    ,Kim Đặng            ,074587504537 ,"728 John Hẻm, Quận 4, TP.HCM"              ,       0 ,   22000 ,Hoàn trả   ,2025-11-16 09:15:13.356730
HCM32758575 ,SHOP_006 ,SHP_002    ,Ông Khoa Phạm       ,073590017257 ,"8 Bùi Khu, Quận 10, TP.HCM"                ,  250000 ,   22000 ,Đã giao    ,2025-11-23 05:12:25.138062
HCM24792652 ,SHOP_002 ,           ,Bà Lâm Hoàng        ,074846172990 ,"5 Đặng Đường, Quận 3, TP.HCM"              , 1200000 ,   22000 ,Mới tạo    ,2025-11-16 02:56:14.207234
HCM49570393 ,SHOP_006 ,           ,Hải Xuân Bùi        ,072148163748 ,"79 Vũ Làng, Quận 12, TP.HCM"               ,  500000 ,   30000 ,Mới tạo    ,2025-11-13 16:05:15.654767
HCM15452971 ,SHOP_002 ,           ,Chi Đặng            ,076213449177 ,"5 Mai Số, Quận Gò Vấp, TP.HCM"             ,  500000 ,   22000 ,Mới tạo    ,2025-11-09 14:30:51.027650
HCM68614130 ,SHOP_002 ,           ,Cô Hạnh Nguyễn      ,071813373253 ,"2 John Dãy, Quận 11, TP.HCM"               ,  500000 ,   16000 ,Hủy        ,2025-11-12 17:56:22.289941
HCM40572128 ,SHOP_003 ,SHP_001    ,Anh Quang Đặng      ,072157736611 ,"912 Nguyễn Làng, Quận 1, TP.HCM"           ,  500000 ,   22000 ,Đang giao  ,2025-11-20 11:09:23.528105
HCM2133560  ,SHOP_008 ,SHP_003    ,Bác Trọng Vũ        ,074690009123 ,"6 Jane Làng, Quận 4, TP.HCM"               ,  250000 ,   16000 ,Đang lấy   ,2025-11-28 20:15:32.935333
HCM18168845 ,SHOP_008 ,           ,Lan Dương           ,073162569961 ,"86 Dương Tổ, Quận 11, TP.HCM"              ,       0 ,   16000 ,Mới tạo    ,2025-12-04 10:06:29.738523
HCM15752117 ,SHOP_008 ,SHP_003    ,Huy Mai             ,073210735707 ,"369 Vũ Làng, Quận 1, TP.HCM"               ,  150000 ,   30000 ,Đang giao  ,2025-12-02 23:00:39.066968
HCM12410512 ,SHOP_005 ,SHP_006    ,Bảo Đức Trần        ,076478509513 ,"7 Jane Đường, Quận 6, TP.HCM"              ,  250000 ,   22000 ,Đang giao  ,2025-12-04 00:43:56.335381
HCM98798825 ,SHOP_001 ,           ,Chị Lâm Nguyễn      ,079859162857 ,"546 Mai Dãy, Quận Tân Bình, TP.HCM"        ,  250000 ,   16000 ,Hủy        ,2025-12-05 22:44:31.541038
HCM9188351  ,SHOP_004 ,SHP_013    ,Trung Trần          ,070101110549 ,"19 Nguyễn Tổ, Quận 8, TP.HCM"              , 1200000 ,   30000 ,Đang giao  ,2025-12-06 06:07:09.285453
HCM64908251 ,SHOP_010 ,           ,Nhật Đức Hoàng      ,070399308643 ,"787 Mai Đường, Quận 11, TP.HCM"            ,  250000 ,   16000 ,Mới tạo    ,2025-11-15 01:14:08.598159
HCM67002347 ,SHOP_002 ,           ,Hạnh Mai Phạm       ,075778461408 ,"7 John Hẻm, Quận 7, TP.HCM"                ,  150000 ,   22000 ,Mới tạo    ,2025-11-10 02:39:25.213560
HCM88057477 ,SHOP_010 ,           ,Nhật Dương          ,076135503358 ,"8 Jane Ngõ, TP. Thủ Đức, TP.HCM"           ,  250000 ,   16000 ,Hủy        ,2025-11-25 18:01:05.437935
HCM45958638 ,SHOP_004 ,SHP_007    ,Quang Hải Dương     ,074783805286 ,"6 Jane Số, Quận 10, TP.HCM"                ,       0 ,   30000 ,Đang giao  ,2025-11-18 20:42:29.237252
HCM10625326 ,SHOP_009 ,SHP_012    ,Bà Hải Đặng         ,074149301442 ,"128 Jane Tổ, Quận 4, TP.HCM"               ,  150000 ,   30000 ,Đã giao    ,2025-11-16 22:08:59.154795
HCM95815392 ,SHOP_010 ,SHP_007    ,Anh Hoàng Dương     ,072184870475 ,"6 Vũ Ngõ, Quận Tân Phú, TP.HCM"            ,  500000 ,   16000 ,Đang lấy   ,2025-11-10 15:45:52.185925
HCM73847883 ,SHOP_003 ,           ,Quý cô Nhật Phạm    ,070301354829 ,"884 Hoàng Tổ, Huyện Bình Chánh, TP.HCM"    , 1200000 ,   22000 ,Hủy        ,2025-12-06 02:40:13.562043
HCM80853967 ,SHOP_007 ,           ,Lan Dương           ,072608276205 ,"16 Hoàng Tổ, Quận Bình Thạnh, TP.HCM"      ,       0 ,   30000 ,Mới tạo    ,2025-11-30 12:12:51.690252
HCM23304958 ,SHOP_005 ,           ,Cô Xuân Vũ          ,072860695978 ,"154 John Ngõ, Quận 8, TP.HCM"              ,  250000 ,   16000 ,Mới tạo    ,2025-11-17 14:21:34.012751
HCM19564071 ,SHOP_010 ,SHP_014    ,Tú Nguyễn           ,071872365741 ,"68 Jane Làng, Quận Tân Phú, TP.HCM"        ,  250000 ,   30000 ,Đã giao    ,2025-12-01 01:27:35.459430
HCM94929183 ,SHOP_006 ,SHP_001    ,Phúc Mai            ,071644010216 ,"3 Trần Hẻm, Quận 12, TP.HCM"               , 1200000 ,   30000 ,Hoàn trả   ,2025-12-04 22:33:27.118464
HCM99739903 ,SHOP_008 ,SHP_002    ,Hạnh Phú Đặng       ,071834106131 ,"77 John Hẻm, TP. Thủ Đức, TP.HCM"          ,  500000 ,   16000 ,Đang giao  ,2025-12-05 20:20:47.166668
HCM46670535 ,SHOP_006 ,SHP_010    ,Bà Hà Nguyễn        ,076040703678 ,"832 John Tổ, Quận Phú Nhuận, TP.HCM"       ,  150000 ,   30000 ,Hoàn trả   ,2025-11-15 19:21:27.122882
HCM89294432 ,SHOP_001 ,SHP_007    ,Cô Chi Trần         ,078719439146 ,"003 Lê Hẻm, Quận Bình Thạnh, TP.HCM"       ,  500000 ,   30000 ,Đã giao    ,2025-11-25 17:17:02.553142
HCM92956861 ,SHOP_005 ,           ,Hải Mai             ,078389294102 ,"634 John Làng, Quận 4, TP.HCM"             , 1200000 ,   30000 ,Hủy        ,2025-12-06 14:50:29.417579
HCM85482605 ,SHOP_010 ,SHP_007    ,Chị Phương Mai      ,075617846444 ,"7 Jane Làng, Quận 5, TP.HCM"               ,  500000 ,   16000 ,Đang giao  ,2025-11-26 15:29:26.314326
HCM40856786 ,SHOP_004 ,SHP_008    ,Thành Mai Bảo Đặng  ,078536165937 ,"30 John Tổ, Huyện Bình Chánh, TP.HCM"      ,  500000 ,   22000 ,Đang lấy   ,2025-12-03 06:25:09.201818
HCM88632353 ,SHOP_007 ,SHP_014    ,Bà Hải Bùi          ,070679041123 ,"3 Nguyễn Số, Quận 8, TP.HCM"               ,       0 ,   16000 ,Đang giao  ,2025-12-01 10:09:46.813532
HCM82892606 ,SHOP_009 ,SHP_011    ,Bác Anh Phạm        ,077060188459 ,"35 Jane Làng, TP. Thủ Đức, TP.HCM"         ,  500000 ,   30000 ,Đang lấy   ,2025-12-03 12:19:30.977919
HCM90737965 ,SHOP_005 ,SHP_014    ,Xuân Lê             ,072178755077 ,"83 Trần Làng, Quận 11, TP.HCM"             , 1200000 ,   16000 ,Đã giao    ,2025-11-23 07:36:51.616132
HCM5443051  ,SHOP_007 ,SHP_001    ,Kim Đặng            ,072486592811 ,"7 Hoàng Ngõ, Quận Phú Nhuận, TP.HCM"       ,       0 ,   22000 ,Đang lấy   ,2025-12-03 02:21:07.749445
HCM68312782 ,SHOP_007 ,           ,Bà Bảo Phạm         ,073564886961 ,"405 Đặng Ngõ, Quận Gò Vấp, TP.HCM"         ,  250000 ,   30000 ,Mới tạo    ,2025-12-07 23:34:25.477740
HCM42637853 ,SHOP_002 ,           ,Bà Linh Đặng        ,078376506083 ,"85 Hoàng Ngõ, Quận 3, TP.HCM"              , 1200000 ,   16000 ,Mới tạo    ,2025-11-19 16:49:25.061810
HCM26309755 ,SHOP_009 ,           ,Thảo Hoàng          ,078327385845 ,"41 Jane Hẻm, Quận 11, TP.HCM"              , 1200000 ,   22000 ,Mới tạo    ,2025-11-26 08:48:24.036101
HCM19343828 ,SHOP_003 ,SHP_011    ,Nhật Trần           ,078537035606 ,"79 Jane Đường, Quận 11, TP.HCM"            ,  250000 ,   16000 ,Đang lấy   ,2025-11-12 07:05:19.497403
HCM22149299 ,SHOP_010 ,SHP_003    ,Anh Huy Trần        ,079754691420 ,"86 Lê Tổ, Quận 5, TP.HCM"                  ,       0 ,   30000 ,Hoàn trả   ,2025-11-30 14:06:08.777119
HCM54400029 ,SHOP_006 ,SHP_015    ,Chị Yến Vũ          ,071915682646 ,"8 Jane Số, Quận 8, TP.HCM"                 ,  150000 ,   22000 ,Đang giao  ,2025-11-18 19:12:46.934146
HCM7180810  ,SHOP_002 ,SHP_010    ,Lâm Lê              ,076785452006 ,"17 Đặng Dãy, TP. Thủ Đức, TP.HCM"          ,  500000 ,   22000 ,Đang giao  ,2025-11-28 14:10:30.626494
HCM42605274 ,SHOP_003 ,SHP_015    ,Cô Hà Vũ            ,079442134095 ,"1 Hoàng Ngõ, Quận 10, TP.HCM"              ,       0 ,   16000 ,Đã giao    ,2025-11-19 14:16:23.988605
HCM4116076  ,SHOP_005 ,           ,Bà Hạnh Đặng        ,076796731454 ,"1 Jane Ngõ, Quận 3, TP.HCM"                ,  150000 ,   22000 ,Hủy        ,2025-11-21 23:31:37.970790
HCM47032029 ,SHOP_004 ,           ,Quý ông Quang Trần  ,076102564094 ,"0 Nguyễn Ngõ, TP. Thủ Đức, TP.HCM"         ,       0 ,   30000 ,Mới tạo    ,2025-11-25 02:39:27.695220
HCM31016305 ,SHOP_004 ,           ,Quý cô Lan Phạm     ,074742726900 ,"00 Vũ Tổ, Quận 11, TP.HCM"                 ,  500000 ,   30000 ,Hủy        ,2025-12-03 11:46:49.164239
HCM96939531 ,SHOP_002 ,           ,Hoàng Trí Bùi       ,073113708361 ,"70 John Hẻm, Quận 11, TP.HCM"              ,  250000 ,   22000 ,Hủy        ,2025-12-08 01:50:27.072326
HCM94577044 ,SHOP_001 ,           ,Tú Hoàng Hoàng      ,075211522280 ,"7 Jane Làng, Quận 6, TP.HCM"               ,  500000 ,   30000 ,Hủy        ,2025-11-10 19:41:19.688762
HCM39916116 ,SHOP_004 ,SHP_013    ,Bà Phương Trần      ,074247954563 ,"0 John Đường, Quận Phú Nhuận, TP.HCM"      ,  500000 ,   30000 ,Đang giao  ,2025-12-04 11:57:43.090951
HCM9067589  ,SHOP_002 ,SHP_014    ,Yến Phạm            ,078453621089 ,"03 Jane Đường, Quận 5, TP.HCM"             ,       0 ,   22000 ,Hoàn trả   ,2025-11-15 01:15:16.364983
HCM49761287 ,SHOP_005 ,SHP_015    ,Vân Hoàng           ,078300961000 ,"6 John Làng, Quận 5, TP.HCM"               ,  500000 ,   22000 ,Hoàn trả   ,2025-11-27 11:39:46.083184
HCM64428628 ,SHOP_002 ,SHP_007    ,Anh Dũng Lê         ,073250567702 ,"1 Jane Khu, Quận 3, TP.HCM"                ,  250000 ,   22000 ,Đang lấy   ,2025-11-20 21:13:27.895677
HCM40218660 ,SHOP_001 ,SHP_007    ,Dũng Trí Mai        ,073570260268 ,"9 Jane Số, Huyện Bình Chánh, TP.HCM"       ,       0 ,   30000 ,Đã giao    ,2025-11-15 19:28:37.712132
HCM2036586  ,SHOP_005 ,           ,Bà Bảo Vũ           ,077671882228 ,"0 Jane Tổ, Quận 11, TP.HCM"                ,  500000 ,   30000 ,Hủy        ,2025-11-24 05:30:11.770947
HCM32247753 ,SHOP_006 ,SHP_006    ,Ông Anh Nguyễn      ,076622279651 ,"1 Trần Hẻm, Huyện Bình Chánh, TP.HCM"      ,       0 ,   30000 ,Đang lấy   ,2025-11-19 14:17:00.998284
HCM64908768 ,SHOP_002 ,           ,Phương Thị Mai      ,070896281424 ,"58 Đặng Hẻm, Quận 11, TP.HCM"              ,  250000 ,   22000 ,Hủy        ,2025-11-15 04:17:14.631431
HCM50428380 ,SHOP_003 ,SHP_001    ,Quý cô Khoa Bùi     ,079863775845 ,"8 John Dãy, Quận Gò Vấp, TP.HCM"           , 1200000 ,   30000 ,Hoàn trả   ,2025-11-15 11:20:56.490686
HCM10083229 ,SHOP_006 ,SHP_010    ,Thảo Phạm           ,077224563819 ,"5 Jane Khu, Quận 5, TP.HCM"                ,  500000 ,   30000 ,Đang giao  ,2025-12-01 07:10:15.463837
HCM1523652  ,SHOP_009 ,SHP_013    ,Nhật Thế Đặng       ,079248700043 ,"21 Jane Số, Quận Gò Vấp, TP.HCM"           ,  250000 ,   16000 ,Hoàn trả   ,2025-11-27 20:58:18.822625
HCM12173328 ,SHOP_004 ,SHP_008    ,Nhật Hoàng          ,074143422320 ,"41 John Số, Quận Bình Thạnh, TP.HCM"       ,  500000 ,   22000 ,Đang giao  ,2025-11-24 08:05:35.038819
HCM63718431 ,SHOP_001 ,SHP_007    ,Chị Hương Trần      ,078545724132 ,"225 Dương Khu, Quận 7, TP.HCM"             ,  150000 ,   22000 ,Đã giao    ,2025-11-24 04:13:57.578147
HCM33166040 ,SHOP_002 ,           ,Phương Đặng         ,079477052685 ,"7 Lê Tổ, Quận 5, TP.HCM"                   , 1200000 ,   16000 ,Mới tạo    ,2025-11-24 19:36:50.257048
HCM67724297 ,SHOP_005 ,SHP_013    ,Phương Phạm         ,072722635143 ,"48 Dương Ngõ, Quận 5, TP.HCM"              ,       0 ,   22000 ,Đã giao    ,2025-11-21 01:11:20.078954
HCM92203814 ,SHOP_008 ,SHP_008    ,Chị Lâm Dương       ,076720917343 ,"0 Trần Khu, Huyện Bình Chánh, TP.HCM"      ,       0 ,   16000 ,Đang lấy   ,2025-11-14 12:57:40.095111
HCM44605532 ,SHOP_005 ,SHP_010    ,Cô Chi Mai          ,079844760639 ,"53 Hoàng Hẻm, Huyện Bình Chánh, TP.HCM"    , 1200000 ,   30000 ,Hoàn trả   ,2025-11-14 00:32:08.961384
HCM93724738 ,SHOP_006 ,           ,Thành Hoàng         ,077187367173 ,"5 Lê Làng, Quận 3, TP.HCM"                 , 1200000 ,   16000 ,Hủy        ,2025-11-26 09:20:16.258638
HCM70965221 ,SHOP_002 ,SHP_005    ,Ông Nam Dương       ,072524472155 ,"6 Trần Làng, Quận Phú Nhuận, TP.HCM"       , 1200000 ,   22000 ,Đang lấy   ,2025-11-13 10:09:37.616922
HCM79295819 ,SHOP_002 ,SHP_012    ,Thành Nguyễn        ,071771153977 ,"0 Jane Làng, Quận 3, TP.HCM"               ,       0 ,   22000 ,Đang lấy   ,2025-11-24 04:55:42.439881
HCM33776508 ,SHOP_007 ,SHP_014    ,Khoa Trần           ,075124400163 ,"550 Bùi Làng, Quận 10, TP.HCM"             ,  150000 ,   16000 ,Đã giao    ,2025-11-11 11:46:07.505104
HCM58834931 ,SHOP_006 ,SHP_015    ,Quang Lê            ,078907762934 ,"5 Jane Khu, Quận 11, TP.HCM"               ,  250000 ,   30000 ,Hoàn trả   ,2025-11-30 12:28:30.691523
HCM82717124 ,SHOP_005 ,SHP_002    ,Bảo Thế Dương       ,072548473033 ,"9 Jane Tổ, Quận 6, TP.HCM"                 ,  250000 ,   22000 ,Đang lấy   ,2025-11-18 17:14:46.340142
HCM51938089 ,SHOP_004 ,SHP_002    ,Bảo Xuân Hoàng      ,075534365323 ,"9 Lê Số, Quận 6, TP.HCM"                   ,  250000 ,   30000 ,Hoàn trả   ,2025-11-26 07:15:28.700500
HCM36446027 ,SHOP_006 ,           ,Khoa Hoàng          ,078023644933 ,"2 Jane Khu, Huyện Bình Chánh, TP.HCM"      ,  150000 ,   30000 ,Hủy        ,2025-11-16 10:14:58.083630
HCM82730771 ,SHOP_008 ,SHP_007    ,Phương Mai Bùi      ,079357224750 ,"013 John Dãy, Quận 10, TP.HCM"             , 1200000 ,   30000 ,Đang giao  ,2025-11-28 17:42:45.293201
HCM74593093 ,SHOP_003 ,SHP_002    ,Tùng Hoàng          ,078357273211 ,"20 Dương Đường, Quận 11, TP.HCM"           ,  150000 ,   22000 ,Đã giao    ,2025-12-06 13:22:24.204838
HCM73264696 ,SHOP_001 ,SHP_011    ,Cô Nhật Lê          ,075144391165 ,"2 Jane Dãy, Quận Phú Nhuận, TP.HCM"        ,  250000 ,   16000 ,Đã giao    ,2025-11-21 16:06:03.418197
HCM88451727 ,SHOP_007 ,           ,Hạnh Phạm           ,074392511263 ,"349 John Làng, Quận Tân Phú, TP.HCM"       , 1200000 ,   22000 ,Hủy        ,2025-11-19 00:21:08.608766
HCM56956145 ,SHOP_009 ,SHP_007    ,Nhật Mai            ,078142173068 ,"4 Dương Tổ, Quận 7, TP.HCM"                ,       0 ,   30000 ,Hoàn trả   ,2025-11-13 23:00:09.413521
HCM42986912 ,SHOP_001 ,           ,Quý ông Quang Hoàng ,071297496326 ,"14 Bùi Hẻm, Quận Bình Thạnh, TP.HCM"       ,  150000 ,   16000 ,Mới tạo    ,2025-12-06 06:57:03.422448
HCM66124966 ,SHOP_004 ,SHP_003    ,Huy Phú Hoàng       ,076788836960 ,"357 Phạm Làng, Quận Gò Vấp, TP.HCM"        ,  250000 ,   22000 ,Đang lấy   ,2025-12-08 16:01:13.685154
HCM25887584 ,SHOP_006 ,SHP_004    ,Hải Đặng            ,070273431675 ,"7 Dương Tổ, Quận 11, TP.HCM"               ,  150000 ,   22000 ,Đã giao    ,2025-11-13 02:57:53.610650
HCM78499933 ,SHOP_002 ,SHP_005    ,Hưng Hải Dương      ,075503013595 ,"690 Bùi Khu, Quận Phú Nhuận, TP.HCM"       ,  500000 ,   16000 ,Đang giao  ,2025-12-07 23:19:24.908092
HCM96618971 ,SHOP_006 ,SHP_001    ,Quý cô Thành Nguyễn ,078116013660 ,"9 Trần Tổ, TP. Thủ Đức, TP.HCM"            ,       0 ,   16000 ,Đang giao  ,2025-11-30 22:25:03.856477
HCM66654822 ,SHOP_007 ,           ,Tú Mai              ,079025033962 ,"414 Jane Tổ, Quận 3, TP.HCM"               ,  250000 ,   22000 ,Mới tạo    ,2025-12-05 04:39:16.665790
HCM21583498 ,SHOP_008 ,SHP_009    ,Thành Trần          ,077822688776 ,"84 John Ngõ, Quận 8, TP.HCM"               , 1200000 ,   22000 ,Đã giao    ,2025-11-17 06:04:35.047610
HCM92127167 ,SHOP_004 ,           ,Quý ông Hưng Hoàng  ,071143982018 ,"721 Jane Đường, Huyện Bình Chánh, TP.HCM"  ,  150000 ,   30000 ,Hủy        ,2025-11-20 17:57:11.302023
HCM16376838 ,SHOP_008 ,SHP_015    ,Bà Dương Hoàng      ,079779619628 ,"3 John Hẻm, Quận Gò Vấp, TP.HCM"           ,  500000 ,   30000 ,Hoàn trả   ,2025-11-14 05:58:55.255214
HCM76791508 ,SHOP_007 ,           ,Hoàng Hoàng Vũ      ,072201028719 ,"765 John Tổ, TP. Thủ Đức, TP.HCM"          , 1200000 ,   16000 ,Hủy        ,2025-11-12 03:33:56.881282
HCM72139405 ,SHOP_006 ,SHP_003    ,Chị Lâm Lê          ,075384569791 ,"22 Bùi Số, Quận 3, TP.HCM"                 ,  150000 ,   22000 ,Đang giao  ,2025-11-21 22:06:25.499995
HCM64247845 ,SHOP_004 ,SHP_012    ,Phương Trí Mai      ,074436628273 ,"2 Jane Tổ, Quận 7, TP.HCM"                 ,       0 ,   22000 ,Đang giao  ,2025-12-02 23:07:29.952969
HCM54781761 ,SHOP_002 ,           ,Quý cô Lan Hoàng    ,076869172822 ,"212 John Đường, Quận 5, TP.HCM"            ,  250000 ,   22000 ,Mới tạo    ,2025-11-27 23:55:31.277070
HCM91629684 ,SHOP_005 ,           ,Kim Tấn Dương       ,071937274416 ,"844 Hoàng Hẻm, Quận Tân Phú, TP.HCM"       ,  500000 ,   30000 ,Hủy        ,2025-11-17 19:46:52.855243
HCM99708223 ,SHOP_005 ,           ,Thành Trí Dương     ,078613665083 ,"1 Trần Dãy, Quận Bình Thạnh, TP.HCM"       ,  150000 ,   30000 ,Mới tạo    ,2025-11-22 12:39:01.531518
HCM48268161 ,SHOP_004 ,SHP_004    ,Hương Vũ            ,078134237866 ,"055 Hoàng Khu, Quận 1, TP.HCM"             , 1200000 ,   22000 ,Đã giao    ,2025-11-19 09:00:14.970009
HCM63653433 ,SHOP_005 ,SHP_008    ,Khoa Tấn Nguyễn     ,070504251179 ,"36 Trần Tổ, Quận Tân Bình, TP.HCM"         ,  500000 ,   22000 ,Đang lấy   ,2025-11-21 12:12:40.178502
HCM71950073 ,SHOP_006 ,SHP_009    ,Nhiên Thị Phạm      ,076053874655 ,"34 John Ngõ, Quận 12, TP.HCM"              ,  150000 ,   30000 ,Đang lấy   ,2025-11-27 23:31:16.743425
HCM25791299 ,SHOP_004 ,           ,Hồng Dương          ,075720842209 ,"9 John Khu, Quận Phú Nhuận, TP.HCM"        , 1200000 ,   30000 ,Hủy        ,2025-11-25 12:01:07.907364
HCM80286364 ,SHOP_009 ,SHP_001    ,Bảo Hữu Lê          ,079589060282 ,"8 Hoàng Hẻm, TP. Thủ Đức, TP.HCM"          ,  500000 ,   22000 ,Đã giao    ,2025-11-20 18:56:02.328719
HCM52376354 ,SHOP_004 ,SHP_007    ,Châu Bùi            ,074668958699 ,"5 Bùi Hẻm, Quận Tân Bình, TP.HCM"          ,       0 ,   22000 ,Hoàn trả   ,2025-12-05 23:26:42.583444
HCM6867075  ,SHOP_002 ,           ,Duyên Bùi           ,076855823458 ,"3 Hoàng Tổ, Quận 7, TP.HCM"                ,  250000 ,   30000 ,Mới tạo    ,2025-11-23 01:32:23.054318
HCM35632968 ,SHOP_004 ,SHP_003    ,Chi Dương           ,074896258019 ,"4 John Làng, Quận Gò Vấp, TP.HCM"          ,  250000 ,   30000 ,Đang giao  ,2025-11-30 09:11:37.945511
HCM29445700 ,SHOP_006 ,SHP_014    ,Hải Bùi             ,078157613788 ,"22 Hoàng Khu, Quận 11, TP.HCM"             ,  500000 ,   16000 ,Đang giao  ,2025-12-07 10:21:55.055477
HCM21643285 ,SHOP_008 ,SHP_006    ,Phương Mai Bảo Bùi  ,072446010941 ,"40 John Làng, Quận Tân Bình, TP.HCM"       ,  250000 ,   30000 ,Đang giao  ,2025-11-16 16:59:26.394304
HCM94668724 ,SHOP_004 ,           ,Hồng Mai            ,073417157734 ,"822 Jane Dãy, Quận 7, TP.HCM"              ,  500000 ,   22000 ,Mới tạo    ,2025-11-18 21:51:34.598217
HCM73486699 ,SHOP_010 ,           ,Bảo Văn Dương       ,076361954555 ,"974 John Ngõ, Quận Bình Thạnh, TP.HCM"     , 1200000 ,   16000 ,Hủy        ,2025-12-02 07:44:01.580897
HCM79578190 ,SHOP_003 ,           ,An Lê               ,071111922720 ,"90 Jane Đường, Quận 5, TP.HCM"             ,  500000 ,   16000 ,Mới tạo    ,2025-11-17 17:43:52.120654
HCM59791250 ,SHOP_002 ,SHP_008    ,Chị Nhật Trần       ,074253049377 ,"6 John Hẻm, Quận Phú Nhuận, TP.HCM"        ,       0 ,   16000 ,Đã giao    ,2025-12-02 18:25:44.367716
HCM65794464 ,SHOP_006 ,SHP_010    ,Chị Yến Bùi         ,073718163956 ,"44 Jane Hẻm, Quận 8, TP.HCM"               ,  500000 ,   22000 ,Hoàn trả   ,2025-11-19 08:09:26.470814
HCM38268723 ,SHOP_001 ,SHP_008    ,Nhiên Lê            ,076850461597 ,"562 Mai Dãy, Quận Bình Thạnh, TP.HCM"      ,  250000 ,   22000 ,Đang giao  ,2025-11-26 22:32:19.709481
HCM24568588 ,SHOP_002 ,SHP_005    ,Anh Mai Bảo Bùi     ,076557775778 ,"551 Trần Ngõ, Quận 5, TP.HCM"              ,  150000 ,   30000 ,Đã giao    ,2025-11-22 11:18:32.084823
HCM71262504 ,SHOP_008 ,SHP_012    ,Bác Nhiên Dương     ,076573553309 ,"50 Phạm Dãy, Quận 12, TP.HCM"              ,  150000 ,   22000 ,Đã giao    ,2025-12-04 08:50:31.749750
HCM88775005 ,SHOP_001 ,           ,Bác Nam Trần        ,071170305970 ,"18 John Đường, Quận 6, TP.HCM"             ,  150000 ,   16000 ,Hủy        ,2025-11-15 16:33:11.571752
HCM6983415  ,SHOP_008 ,           ,Khoa Nguyễn         ,073683692105 ,"45 Hoàng Dãy, Quận 11, TP.HCM"             , 1200000 ,   16000 ,Mới tạo    ,2025-11-23 15:54:39.371900
HCM82937747 ,SHOP_005 ,           ,Phương Hoàng        ,076548782849 ,"944 John Tổ, Quận 6, TP.HCM"               ,       0 ,   30000 ,Mới tạo    ,2025-11-11 01:11:28.225051
HCM8491936  ,SHOP_006 ,           ,Hải Văn Dương       ,077872818421 ,"644 Jane Ngõ, Huyện Bình Chánh, TP.HCM"    ,  500000 ,   16000 ,Mới tạo    ,2025-11-11 07:36:40.505539
HCM82184832 ,SHOP_003 ,SHP_007    ,Chị Yến Bùi         ,075261894639 ,"7 Jane Dãy, Quận Tân Bình, TP.HCM"         ,  150000 ,   16000 ,Đã giao    ,2025-11-24 08:11:29.195744
HCM42818044 ,SHOP_010 ,SHP_014    ,Tùng Mai            ,073427303944 ,"0 John Số, Quận 1, TP.HCM"                 ,  500000 ,   16000 ,Đang lấy   ,2025-12-06 04:32:48.425551
HCM70140446 ,SHOP_004 ,           ,Hạnh Đặng           ,071090451567 ,"190 Hoàng Làng, Quận 4, TP.HCM"            ,  250000 ,   30000 ,Mới tạo    ,2025-11-10 12:17:45.998330
HCM26375686 ,SHOP_006 ,SHP_015    ,Phương Hoàng Vũ     ,073868850779 ,"494 John Hẻm, Quận 10, TP.HCM"             ,  250000 ,   16000 ,Hoàn trả   ,2025-11-17 21:39:59.071621
HCM25925725 ,SHOP_003 ,SHP_005    ,Anh Trần            ,071906722098 ,"18 Jane Đường, Quận 12, TP.HCM"            ,       0 ,   22000 ,Đang giao  ,2025-11-24 17:57:40.262955
HCM73377592 ,SHOP_010 ,SHP_009    ,Bảo Văn Bùi         ,074235788100 ,"149 Nguyễn Tổ, Quận 4, TP.HCM"             , 1200000 ,   16000 ,Đang giao  ,2025-11-30 06:53:07.860523
HCM54715452 ,SHOP_007 ,SHP_012    ,Quý cô Vân Bùi      ,076154926366 ,"0 Nguyễn Khu, Quận 1, TP.HCM"              ,  500000 ,   30000 ,Đã giao    ,2025-12-07 17:21:12.650878
HCM50355873 ,SHOP_007 ,           ,Chị Lan Dương       ,070343630000 ,"1 Nguyễn Khu, TP. Thủ Đức, TP.HCM"         ,  500000 ,   30000 ,Hủy        ,2025-12-05 17:48:49.194784
HCM70956748 ,SHOP_007 ,           ,Nhiên Thế Phạm      ,076502609440 ,"2 Jane Số, Quận Gò Vấp, TP.HCM"            , 1200000 ,   16000 ,Hủy        ,2025-11-22 03:30:43.475868
HCM38047454 ,SHOP_005 ,SHP_003    ,Quý cô Ngọc Hoàng   ,070408101525 ,"94 Phạm Dãy, Quận 11, TP.HCM"              ,  500000 ,   16000 ,Đang lấy   ,2025-12-04 23:15:54.589849
HCM39582634 ,SHOP_003 ,SHP_009    ,Chị Chi Trần        ,074338638471 ,"03 Lê Làng, Quận Gò Vấp, TP.HCM"           ,  500000 ,   16000 ,Đang lấy   ,2025-11-25 23:02:01.275756
HCM73135540 ,SHOP_003 ,SHP_008    ,Chị Hà Lê           ,075810240255 ,"223 John Ngõ, Quận 8, TP.HCM"              ,  150000 ,   30000 ,Đang giao  ,2025-12-02 13:05:10.318470
HCM71474443 ,SHOP_005 ,SHP_012    ,Chị Xuân Trần       ,077999440358 ,"11 Dương Số, TP. Thủ Đức, TP.HCM"          ,       0 ,   16000 ,Đang giao  ,2025-11-22 20:12:23.519067
HCM52516305 ,SHOP_010 ,           ,Châu Vũ             ,075769773638 ,"424 Mai Làng, TP. Thủ Đức, TP.HCM"         ,  250000 ,   30000 ,Mới tạo    ,2025-11-15 05:16:24.395419
HCM87763505 ,SHOP_002 ,SHP_009    ,Minh Đức Nguyễn     ,076797434221 ,"3 Jane Số, Quận 10, TP.HCM"                ,  500000 ,   30000 ,Đang giao  ,2025-11-14 02:47:54.553378
HCM42062119 ,SHOP_003 ,           ,Phương Mai Bùi      ,077355036283 ,"3 Lê Số, TP. Thủ Đức, TP.HCM"              ,  250000 ,   22000 ,Mới tạo    ,2025-11-13 03:31:04.879540
HCM67644731 ,SHOP_005 ,SHP_008    ,Ông Bảo Dương       ,078593804577 ,"21 Vũ Số, Quận Tân Phú, TP.HCM"            , 1200000 ,   16000 ,Đang giao  ,2025-11-10 18:06:18.382204
HCM49007713 ,SHOP_002 ,           ,Hoàng Mai Bảo Mai   ,078467847192 ,"8 John Làng, Quận 11, TP.HCM"              , 1200000 ,   16000 ,Hủy        ,2025-11-28 00:34:39.070492
HCM29720976 ,SHOP_003 ,SHP_011    ,Dương Trần          ,072419345349 ,"350 Phạm Ngõ, Quận Phú Nhuận, TP.HCM"      ,  500000 ,   16000 ,Đã giao    ,2025-11-20 09:38:15.220572
HCM51940536 ,SHOP_005 ,           ,Cô Ánh Mai          ,076097052601 ,"81 John Đường, Quận 7, TP.HCM"             ,       0 ,   30000 ,Hủy        ,2025-11-17 00:27:38.257669
HCM92682800 ,SHOP_005 ,SHP_010    ,Huy Thế Lê          ,079938826685 ,"672 Jane Khu, Quận Tân Phú, TP.HCM"        ,       0 ,   16000 ,Hoàn trả   ,2025-11-16 05:39:40.910766
HCM89076220 ,SHOP_005 ,           ,Anh Tú Hoàng        ,070928841843 ,"409 John Số, Quận Gò Vấp, TP.HCM"          , 1200000 ,   22000 ,Hủy        ,2025-11-23 23:29:56.360844
HCM24727680 ,SHOP_005 ,           ,Nam Tấn Phạm        ,076989921521 ,"0 John Làng, Quận 8, TP.HCM"               ,  500000 ,   16000 ,Mới tạo    ,2025-12-01 04:10:19.700675
HCM23609628 ,SHOP_008 ,SHP_014    ,Yến Trần            ,079946210451 ,"849 John Ngõ, Quận 10, TP.HCM"             ,       0 ,   16000 ,Đang giao  ,2025-11-10 10:07:40.354782
HCM29973138 ,SHOP_009 ,           ,Dương Dương         ,071581888047 ,"10 Jane Làng, Quận Phú Nhuận, TP.HCM"      , 1200000 ,   30000 ,Mới tạo    ,2025-11-30 21:05:33.040876
HCM31518669 ,SHOP_009 ,SHP_002    ,Quý cô Vân Phạm     ,072420107306 ,"086 Dương Dãy, Huyện Bình Chánh, TP.HCM"   ,  500000 ,   30000 ,Hoàn trả   ,2025-12-08 20:38:18.240877
HCM53027792 ,SHOP_007 ,SHP_002    ,Bác Hoàng Trần      ,071055425965 ,"1 Jane Đường, Quận 11, TP.HCM"             , 1200000 ,   30000 ,Đang giao  ,2025-11-15 20:20:02.090592
HCM65535230 ,SHOP_001 ,           ,Hải Lê              ,074690483435 ,"151 Đặng Dãy, Quận Bình Thạnh, TP.HCM"     , 1200000 ,   30000 ,Mới tạo    ,2025-12-01 04:07:26.312415
HCM28502899 ,SHOP_008 ,SHP_014    ,Nhiên Mai           ,072501954104 ,"82 Jane Tổ, Quận 12, TP.HCM"               ,  250000 ,   16000 ,Đã giao    ,2025-12-08 06:44:12.680044
HCM26218902 ,SHOP_009 ,           ,Chị Nhật Đặng       ,079617862716 ,"5 John Ngõ, Quận 5, TP.HCM"                ,  500000 ,   30000 ,Hủy        ,2025-12-01 21:11:38.378826
HCM76762886 ,SHOP_008 ,           ,Quang Mai Bảo Trần  ,074284517076 ,"8 John Hẻm, Quận 3, TP.HCM"                ,       0 ,   16000 ,Hủy        ,2025-11-12 08:51:33.470338
HCM10839828 ,SHOP_001 ,           ,Trọng Phạm          ,078537871833 ,"01 Dương Ngõ, Huyện Bình Chánh, TP.HCM"    , 1200000 ,   16000 ,Hủy        ,2025-11-16 09:13:55.838855
HCM18592693 ,SHOP_001 ,           ,Dũng Bảo Trần       ,071088684733 ,"5 Jane Khu, Quận Tân Bình, TP.HCM"         ,  500000 ,   30000 ,Hủy        ,2025-11-27 15:53:41.377017
HCM31319214 ,SHOP_006 ,SHP_007    ,Thành Hoàng         ,072820619382 ,"979 John Đường, Quận 8, TP.HCM"            ,  250000 ,   22000 ,Đang lấy   ,2025-11-11 11:46:40.618747
HCM59849291 ,SHOP_007 ,SHP_007    ,Hải Bảo Trần        ,076160139535 ,"0 Lê Ngõ, Quận 7, TP.HCM"                  ,  150000 ,   16000 ,Hoàn trả   ,2025-11-27 05:53:38.273328
HCM94037260 ,SHOP_003 ,SHP_010    ,Ông Trọng Dương     ,071904809907 ,"242 John Ngõ, Quận 7, TP.HCM"              ,  150000 ,   22000 ,Đã giao    ,2025-12-05 05:55:39.349035
HCM61041289 ,SHOP_006 ,           ,Bảo Phú Mai         ,079364767238 ,"67 John Tổ, Quận 12, TP.HCM"               ,  150000 ,   16000 ,Mới tạo    ,2025-12-08 17:48:22.690454
HCM56852439 ,SHOP_001 ,           ,Bác Vũ Nguyễn       ,079679752604 ,"902 John Ngõ, Quận 6, TP.HCM"              ,  150000 ,   16000 ,Hủy        ,2025-11-29 04:22:18.335118
HCM68898794 ,SHOP_003 ,SHP_005    ,Hương Phạm          ,075540292340 ,"117 Jane Hẻm, Quận 3, TP.HCM"              ,  150000 ,   22000 ,Đang giao  ,2025-11-15 14:50:43.894937
HCM20217059 ,SHOP_010 ,SHP_005    ,Bác Nhiên Vũ        ,072126744668 ,"83 Jane Dãy, Quận Gò Vấp, TP.HCM"          ,  500000 ,   30000 ,Đã giao    ,2025-11-12 12:14:13.677132
HCM34628902 ,SHOP_006 ,SHP_012    ,Hạnh Dương          ,079181995432 ,"161 John Đường, Quận 4, TP.HCM"            ,  250000 ,   16000 ,Đang lấy   ,2025-11-09 21:47:32.159770
HCM75166489 ,SHOP_007 ,           ,Bảo Mai             ,079752760548 ,"713 Dương Ngõ, Quận 10, TP.HCM"            ,  250000 ,   16000 ,Hủy        ,2025-11-15 10:23:41.214339
HCM99806543 ,SHOP_010 ,           ,Chị Bảo Trần        ,077560783190 ,"38 Jane Hẻm, Quận 1, TP.HCM"               ,       0 ,   22000 ,Mới tạo    ,2025-11-21 09:34:50.409781
HCM35137636 ,SHOP_009 ,SHP_014    ,Hưng Hoàng Phạm     ,072101400476 ,"43 John Khu, Quận 4, TP.HCM"               ,  250000 ,   16000 ,Hoàn trả   ,2025-12-07 06:05:54.211447
HCM88377669 ,SHOP_010 ,           ,Nhiên Bùi           ,072171368900 ,"1 John Làng, Quận 8, TP.HCM"               , 1200000 ,   22000 ,Mới tạo    ,2025-12-04 08:20:04.468575
HCM4668511  ,SHOP_008 ,SHP_015    ,Quý cô Thành Dương  ,070999732977 ,"03 John Dãy, Quận 3, TP.HCM"               ,  500000 ,   30000 ,Đang lấy   ,2025-11-15 07:23:10.599374
HCM63517811 ,SHOP_002 ,           ,Anh Dũng Mai        ,079182813528 ,"9 Hoàng Số, Quận 5, TP.HCM"                ,       0 ,   16000 ,Mới tạo    ,2025-12-06 00:09:47.710382
HCM78661228 ,SHOP_010 ,SHP_002    ,Phương Hải Lê       ,075575687672 ,"661 Phạm Dãy, Quận 11, TP.HCM"             ,  150000 ,   16000 ,Hoàn trả   ,2025-11-16 21:51:35.692231
HCM5726979  ,SHOP_007 ,SHP_014    ,Phương Nguyễn       ,076688365729 ,"65 Phạm Khu, Quận Bình Thạnh, TP.HCM"      ,  250000 ,   22000 ,Đang giao  ,2025-11-15 12:07:15.976190
HCM42804106 ,SHOP_003 ,           ,Chị Lâm Đặng        ,071592910994 ,"5 John Ngõ, Quận Tân Phú, TP.HCM"          , 1200000 ,   16000 ,Mới tạo    ,2025-11-21 23:38:35.759698
HCM77256747 ,SHOP_007 ,           ,Anh Thị Nguyễn      ,070700033143 ,"48 John Dãy, Quận 1, TP.HCM"               ,  500000 ,   16000 ,Mới tạo    ,2025-11-09 15:19:03.517493
HCM43270523 ,SHOP_002 ,SHP_011    ,Nhật Nguyễn         ,073914274061 ,"3 Bùi Đường, Quận 3, TP.HCM"               , 1200000 ,   22000 ,Đang lấy   ,2025-12-01 00:40:31.912834
HCM48108601 ,SHOP_001 ,           ,Thành Hải Mai       ,071742419962 ,"79 Bùi Đường, Quận Tân Bình, TP.HCM"       ,       0 ,   16000 ,Hủy        ,2025-12-06 23:00:12.166812
HCM83651042 ,SHOP_007 ,           ,Duyên Bùi           ,077272666821 ,"4 Jane Số, Quận 5, TP.HCM"                 ,  150000 ,   22000 ,Mới tạo    ,2025-11-11 09:50:31.239193
HCM66542446 ,SHOP_009 ,SHP_014    ,Khoa Nguyễn         ,073429143606 ,"0 Nguyễn Khu, Huyện Bình Chánh, TP.HCM"    ,  250000 ,   16000 ,Đã giao    ,2025-11-30 02:33:15.758536
HCM48838045 ,SHOP_001 ,SHP_006    ,Nhật Mai            ,077073582806 ,"01 John Số, Quận 8, TP.HCM"                ,  150000 ,   22000 ,Đang giao  ,2025-11-25 19:50:15.201913
HCM73474247 ,SHOP_007 ,SHP_004    ,Anh Bảo Nguyễn      ,070534395892 ,"251 Jane Ngõ, Quận Tân Phú, TP.HCM"        ,       0 ,   22000 ,Đang giao  ,2025-11-10 08:30:47.776913
HCM97623261 ,SHOP_003 ,           ,Ông Tùng Hoàng      ,070220710754 ,"04 Phạm Tổ, Quận 12, TP.HCM"               ,  150000 ,   30000 ,Mới tạo    ,2025-12-07 10:51:01.845578
HCM49125313 ,SHOP_004 ,SHP_006    ,Quý cô Vân Dương    ,079520638375 ,"457 Phạm Tổ, Quận 3, TP.HCM"               ,  150000 ,   30000 ,Hoàn trả   ,2025-11-25 03:53:54.198333
HCM35932440 ,SHOP_005 ,           ,Yến Lê              ,079327886174 ,"8 Jane Làng, Quận 10, TP.HCM"              ,  500000 ,   30000 ,Mới tạo    ,2025-12-03 03:20:39.549821
HCM76756451 ,SHOP_004 ,SHP_010    ,Cô Thành Dương      ,079912041428 ,"2 Hoàng Hẻm, Quận Tân Bình, TP.HCM"        ,       0 ,   22000 ,Đang lấy   ,2025-11-16 05:53:28.300754
HCM61731476 ,SHOP_003 ,           ,Cô Khoa Bùi         ,077174388827 ,"749 Jane Tổ, Quận Gò Vấp, TP.HCM"          ,       0 ,   16000 ,Mới tạo    ,2025-11-21 01:59:41.652941
HCM12893216 ,SHOP_003 ,SHP_009    ,Ông Trọng Lê        ,078401308681 ,"47 Vũ Khu, Quận 5, TP.HCM"                 ,       0 ,   22000 ,Đang giao  ,2025-12-02 07:29:41.374521
HCM35951706 ,SHOP_010 ,SHP_001    ,Vũ Phú Vũ           ,071628708114 ,"937 Hoàng Số, Quận 3, TP.HCM"              ,  250000 ,   16000 ,Đã giao    ,2025-11-20 14:15:13.424006
HCM36043673 ,SHOP_010 ,           ,Hải Lê              ,072957126188 ,"231 Jane Làng, Quận 4, TP.HCM"             , 1200000 ,   30000 ,Hủy        ,2025-11-30 15:10:20.980444
HCM11753163 ,SHOP_004 ,SHP_010    ,Lâm Mai Bảo Hoàng   ,072977763648 ,"795 John Tổ, Quận 5, TP.HCM"               ,       0 ,   22000 ,Đã giao    ,2025-12-05 17:40:59.706771
HCM19210501 ,SHOP_010 ,           ,Hương Vũ            ,074744793574 ,"74 Dương Hẻm, Quận 8, TP.HCM"              ,  500000 ,   16000 ,Hủy        ,2025-12-04 19:09:11.607061
HCM11550113 ,SHOP_001 ,SHP_011    ,Bà Xuân Bùi         ,073699774561 ,"8 Vũ Tổ, Quận 7, TP.HCM"                   ,  250000 ,   22000 ,Đã giao    ,2025-12-02 06:20:32.550848
HCM3026656  ,SHOP_010 ,SHP_005    ,Anh Hoàng           ,074407160247 ,"16 Lê Hẻm, Quận 4, TP.HCM"                 ,       0 ,   16000 ,Đang lấy   ,2025-11-23 22:24:35.678520
HCM63703876 ,SHOP_003 ,SHP_012    ,Châu Đức Nguyễn     ,079694095373 ,"40 Dương Làng, Quận 10, TP.HCM"            ,  150000 ,   22000 ,Đã giao    ,2025-12-03 09:42:30.114470
HCM16332826 ,SHOP_005 ,           ,Mai Dương           ,078619880761 ,"1 Phạm Khu, Quận 10, TP.HCM"               ,  150000 ,   22000 ,Hủy        ,2025-11-28 13:50:35.516711
HCM93546855 ,SHOP_005 ,SHP_009    ,Nhật Nguyễn         ,076044346657 ,"51 Jane Làng, Quận 7, TP.HCM"              ,  150000 ,   22000 ,Đã giao    ,2025-11-23 19:58:10.531982
HCM5393751  ,SHOP_005 ,SHP_014    ,Nhật Hữu Đặng       ,078367766712 ,"2 Vũ Đường, Quận 3, TP.HCM"                ,  150000 ,   30000 ,Đã giao    ,2025-12-07 19:36:25.630946
HCM47066836 ,SHOP_008 ,           ,Bà Vi Dương         ,076324147713 ,"5 Đặng Khu, Quận 8, TP.HCM"                ,       0 ,   16000 ,Mới tạo    ,2025-11-20 01:20:40.100881
HCM35812897 ,SHOP_009 ,           ,Chi Bùi             ,071764829872 ,"948 Hoàng Tổ, Quận 10, TP.HCM"             ,  250000 ,   16000 ,Hủy        ,2025-11-13 05:56:52.760061
HCM59376194 ,SHOP_006 ,SHP_010    ,Minh Trí Mai        ,079418862572 ,"5 Jane Dãy, Quận 1, TP.HCM"                ,  500000 ,   30000 ,Hoàn trả   ,2025-11-09 16:46:16.699425
HCM38237993 ,SHOP_004 ,SHP_015    ,Thành Trí Lê        ,079319326282 ,"6 Phạm Số, Quận 5, TP.HCM"                 ,  150000 ,   30000 ,Đã giao    ,2025-12-08 10:35:20.714615
HCM34084740 ,SHOP_003 ,SHP_013    ,Nhật Phạm           ,079387173805 ,"480 Lê Khu, Quận Bình Thạnh, TP.HCM"       ,  500000 ,   16000 ,Đang giao  ,2025-11-19 08:58:39.343312
HCM50042862 ,SHOP_009 ,           ,Cô Kim Bùi          ,070510931905 ,"832 John Ngõ, Quận Tân Bình, TP.HCM"       ,  500000 ,   30000 ,Hủy        ,2025-11-22 17:57:57.221104
HCM7470042  ,SHOP_003 ,SHP_011    ,Hương Vũ            ,077248827590 ,"72 Mai Đường, Quận Phú Nhuận, TP.HCM"      ,  150000 ,   16000 ,Đang giao  ,2025-11-12 21:43:27.823983
HCM89808571 ,SHOP_009 ,SHP_012    ,Bà Hạnh Hoàng       ,071847220762 ,"8 Bùi Hẻm, Quận Phú Nhuận, TP.HCM"         ,  150000 ,   22000 ,Đang lấy   ,2025-11-28 00:57:10.647587
HCM26567351 ,SHOP_003 ,SHP_005    ,Thành Hoàng         ,073428835388 ,"17 Jane Số, Quận 3, TP.HCM"                ,  150000 ,   30000 ,Đang giao  ,2025-11-11 06:50:08.476927
HCM25782990 ,SHOP_003 ,SHP_011    ,Hải Hải Phạm        ,074750333835 ,"6 Phạm Dãy, Quận 7, TP.HCM"                ,  150000 ,   30000 ,Đang giao  ,2025-11-29 23:12:58.556177
HCM36720739 ,SHOP_003 ,SHP_008    ,Hạnh Vũ             ,070354673217 ,"77 Bùi Đường, Quận 4, TP.HCM"              ,  150000 ,   30000 ,Đang lấy   ,2025-11-12 09:39:05.781456
HCM2125685  ,SHOP_010 ,           ,An Mai Nguyễn       ,075486249877 ,"0 John Tổ, Quận 1, TP.HCM"                 , 1200000 ,   16000 ,Hủy        ,2025-11-10 12:53:43.169470
HCM84382257 ,SHOP_005 ,SHP_015    ,Nhật Bảo Phạm       ,072749805840 ,"12 Trần Ngõ, Quận 1, TP.HCM"               ,  500000 ,   22000 ,Hoàn trả   ,2025-11-16 09:38:00.828619
HCM37850486 ,SHOP_007 ,SHP_013    ,Quang Trí Vũ        ,073924534548 ,"8 Mai Tổ, Huyện Bình Chánh, TP.HCM"        , 1200000 ,   16000 ,Đang giao  ,2025-12-01 15:08:55.454257
HCM37488598 ,SHOP_009 ,SHP_006    ,Nhật Mai            ,077297819994 ,"278 Lê Đường, Quận 3, TP.HCM"              , 1200000 ,   30000 ,Đã giao    ,2025-11-26 08:15:30.196373
HCM68237487 ,SHOP_010 ,           ,Quý ông Tú Hoàng    ,071846033319 ,"3 John Khu, Quận Gò Vấp, TP.HCM"           ,  250000 ,   22000 ,Mới tạo    ,2025-11-15 19:26:08.316218
HCM13559670 ,SHOP_010 ,SHP_006    ,Hải Nguyễn          ,072472260307 ,"91 John Hẻm, Quận 1, TP.HCM"               ,  150000 ,   30000 ,Hoàn trả   ,2025-11-19 02:50:53.188504
HCM57237448 ,SHOP_010 ,           ,Mai Trần            ,071692726055 ,"43 Dương Làng, TP. Thủ Đức, TP.HCM"        ,  500000 ,   16000 ,Hủy        ,2025-12-06 00:40:45.343886
HCM58223211 ,SHOP_002 ,SHP_012    ,An Đặng             ,073879484536 ,"1 Jane Đường, Quận 6, TP.HCM"              , 1200000 ,   16000 ,Đang giao  ,2025-11-27 23:12:05.617473
HCM58373367 ,SHOP_001 ,SHP_006    ,Hải Đức Nguyễn      ,079826063969 ,"90 Jane Tổ, Quận Bình Thạnh, TP.HCM"       , 1200000 ,   30000 ,Hoàn trả   ,2025-12-06 03:39:09.086976
HCM38797325 ,SHOP_003 ,SHP_009    ,An Đặng             ,073247540454 ,"5 Hoàng Số, Huyện Bình Chánh, TP.HCM"      ,  250000 ,   22000 ,Hoàn trả   ,2025-11-30 05:42:01.728126
HCM26386799 ,SHOP_004 ,SHP_008    ,Nam Bùi             ,073105226645 ,"193 Vũ Đường, Quận 7, TP.HCM"              , 1200000 ,   30000 ,Đang giao  ,2025-11-25 17:52:35.400452
HCM17568398 ,SHOP_010 ,SHP_001    ,Quý cô Thảo Trần    ,073487807839 ,"7 John Ngõ, Quận Phú Nhuận, TP.HCM"        , 1200000 ,   30000 ,Đang lấy   ,2025-11-30 11:24:16.610623
HCM28880841 ,SHOP_002 ,SHP_014    ,Linh Dương          ,074446357809 ,"02 Jane Tổ, Quận 11, TP.HCM"               ,  500000 ,   30000 ,Hoàn trả   ,2025-11-10 04:09:21.652397
HCM18973906 ,SHOP_009 ,SHP_013    ,Ông Nam Hoàng       ,072435697816 ,"7 Hoàng Làng, Quận Tân Bình, TP.HCM"       ,  150000 ,   16000 ,Đã giao    ,2025-12-05 15:05:56.228238
HCM75104799 ,SHOP_002 ,           ,Kim Đặng            ,075884454596 ,"1 Phạm Đường, TP. Thủ Đức, TP.HCM"         ,  250000 ,   16000 ,Mới tạo    ,2025-12-08 09:49:12.683666
HCM36723917 ,SHOP_005 ,SHP_006    ,Chị Khoa Lê         ,071115959031 ,"3 Jane Số, TP. Thủ Đức, TP.HCM"            ,  250000 ,   16000 ,Hoàn trả   ,2025-11-12 05:57:40.142589
HCM99248697 ,SHOP_004 ,SHP_003    ,Cô Lâm Phạm         ,074617150705 ,"81 Đặng Số, Quận 11, TP.HCM"               , 1200000 ,   16000 ,Đang giao  ,2025-11-27 11:54:35.597957
HCM98481692 ,SHOP_005 ,SHP_002    ,Nhật Trần           ,071669913322 ,"73 John Làng, Quận Tân Bình, TP.HCM"       ,       0 ,   16000 ,Hoàn trả   ,2025-12-07 05:49:37.908137
HCM51509014 ,SHOP_005 ,SHP_002    ,Nam Hải Dương       ,071687089254 ,"259 Hoàng Làng, Quận Bình Thạnh, TP.HCM"   , 1200000 ,   16000 ,Đã giao    ,2025-11-23 23:59:30.782993
HCM52771037 ,SHOP_001 ,SHP_014    ,Phúc Nguyễn         ,078422007318 ,"452 Jane Số, Quận 1, TP.HCM"               ,  500000 ,   30000 ,Đã giao    ,2025-12-04 00:55:25.626134
HCM82122819 ,SHOP_010 ,SHP_007    ,Nam Hải Nguyễn      ,075195016487 ,"01 Jane Khu, Quận 1, TP.HCM"               ,  250000 ,   30000 ,Đã giao    ,2025-11-28 03:46:56.290729
HCM48406635 ,SHOP_005 ,SHP_014    ,Hải Bùi             ,077686520794 ,"32 Lê Dãy, Quận 1, TP.HCM"                 , 1200000 ,   16000 ,Đang lấy   ,2025-12-06 05:42:20.067672
HCM23692959 ,SHOP_006 ,SHP_007    ,Hà Nguyễn           ,076312902216 ,"8 John Đường, Quận Phú Nhuận, TP.HCM"      ,       0 ,   22000 ,Đang lấy   ,2025-11-09 02:01:46.000223
HCM14351557 ,SHOP_002 ,SHP_012    ,Cô Hạnh Nguyễn      ,072386987955 ,"913 John Hẻm, TP. Thủ Đức, TP.HCM"         ,  150000 ,   22000 ,Đã giao    ,2025-11-11 04:20:02.563734
HCM50896420 ,SHOP_008 ,SHP_003    ,Nam Trí Dương       ,073478542345 ,"02 John Làng, Quận 7, TP.HCM"              ,  500000 ,   30000 ,Đang lấy   ,2025-11-21 01:06:20.959802
HCM35748619 ,SHOP_006 ,SHP_002    ,Vi Trần             ,075485027581 ,"043 Jane Khu, Quận 10, TP.HCM"             ,       0 ,   30000 ,Đang lấy   ,2025-12-01 05:04:14.055836
HCM77716343 ,SHOP_002 ,SHP_015    ,Huy Bùi             ,078041249983 ,"9 Nguyễn Dãy, TP. Thủ Đức, TP.HCM"         ,       0 ,   16000 ,Đang giao  ,2025-11-21 20:29:52.754493
HCM97260868 ,SHOP_003 ,SHP_014    ,Chị Phương Phạm     ,073826673900 ,"5 John Hẻm, Quận 11, TP.HCM"               , 1200000 ,   22000 ,Đã giao    ,2025-11-15 14:30:45.591202
HCM63707657 ,SHOP_010 ,           ,Bảo Hải Nguyễn      ,070245971169 ,"182 Jane Làng, Quận 3, TP.HCM"             ,  250000 ,   22000 ,Mới tạo    ,2025-12-07 08:18:32.657094
HCM46346745 ,SHOP_005 ,SHP_002    ,Chị Nhật Nguyễn     ,070771558631 ,"638 Phạm Hẻm, Quận 12, TP.HCM"             , 1200000 ,   16000 ,Đang lấy   ,2025-11-15 08:59:15.538019
HCM73730271 ,SHOP_001 ,SHP_009    ,Thành Mai Bảo Bùi   ,073044358759 ,"98 Jane Số, Quận Phú Nhuận, TP.HCM"        , 1200000 ,   16000 ,Đang giao  ,2025-11-13 10:25:09.197578
HCM75471560 ,SHOP_009 ,           ,Mai Trần            ,077135779374 ,"633 Jane Đường, Quận 6, TP.HCM"            ,  250000 ,   30000 ,Mới tạo    ,2025-11-16 04:47:51.569410
HCM36397793 ,SHOP_002 ,SHP_012    ,Thành Vũ            ,078077537168 ,"10 Phạm Ngõ, Quận 5, TP.HCM"               ,       0 ,   30000 ,Đã giao    ,2025-12-07 09:05:42.190272
HCM29331511 ,SHOP_001 ,SHP_005    ,Anh Nam Phạm        ,079124988547 ,"760 Bùi Đường, Quận Tân Bình, TP.HCM"      ,  150000 ,   16000 ,Hoàn trả   ,2025-12-08 00:17:10.406670
HCM49356588 ,SHOP_007 ,           ,An Hoàng Bùi        ,071771598122 ,"381 John Ngõ, Quận 6, TP.HCM"              ,  150000 ,   30000 ,Mới tạo    ,2025-11-11 12:39:04.753039
HCM97029896 ,SHOP_008 ,           ,Bác Hoàng Phạm      ,070479173088 ,"334 John Khu, Quận 12, TP.HCM"             ,       0 ,   16000 ,Mới tạo    ,2025-11-17 00:33:10.862974
HCM76221507 ,SHOP_010 ,SHP_015    ,Quý cô Kim Đặng     ,076049546675 ,"73 John Tổ, Quận 6, TP.HCM"                , 1200000 ,   16000 ,Đang giao  ,2025-11-28 10:39:14.752575
HCM65471096 ,SHOP_006 ,SHP_010    ,Hải Mai Lê          ,072219747006 ,"549 Trần Hẻm, TP. Thủ Đức, TP.HCM"         ,  250000 ,   16000 ,Đang giao  ,2025-11-29 07:48:33.711284
HCM36832173 ,SHOP_005 ,SHP_003    ,Quý cô Lâm Trần     ,076908342690 ,"2 Đặng Đường, Quận 12, TP.HCM"             ,       0 ,   22000 ,Đang lấy   ,2025-12-05 01:15:10.145315
HCM98780667 ,SHOP_006 ,           ,Thành Hữu Bùi       ,078397724926 ,"095 Nguyễn Số, Quận 6, TP.HCM"             ,  150000 ,   30000 ,Mới tạo    ,2025-12-04 06:59:07.012736
HCM29071590 ,SHOP_008 ,SHP_008    ,Quý cô Hạnh Vũ      ,074274609680 ,"00 John Ngõ, Quận Tân Bình, TP.HCM"        , 1200000 ,   16000 ,Đã giao    ,2025-12-08 19:40:37.753837
HCM12442528 ,SHOP_006 ,SHP_007    ,Thành Hữu Bùi       ,071070736429 ,"13 Jane Khu, Quận 10, TP.HCM"              ,  500000 ,   16000 ,Đã giao    ,2025-11-27 22:35:39.796994
HCM52945199 ,SHOP_003 ,           ,Bà Nhật Phạm        ,074326560353 ,"0 John Đường, Quận Tân Bình, TP.HCM"       ,  500000 ,   30000 ,Mới tạo    ,2025-11-25 12:01:51.012807
HCM26553619 ,SHOP_010 ,SHP_012    ,Thành Hoàng Mai     ,072910812513 ,"57 John Hẻm, Quận Bình Thạnh, TP.HCM"      ,  150000 ,   22000 ,Đang giao  ,2025-11-22 05:52:57.846285
HCM64176540 ,SHOP_004 ,SHP_010    ,Phương Mai Bảo Trần ,077631572736 ,"69 Dương Hẻm, Quận 5, TP.HCM"              ,  250000 ,   22000 ,Đang giao  ,2025-11-12 14:51:35.559891
HCM85291836 ,SHOP_003 ,SHP_001    ,Kim Bùi             ,076687420025 ,"738 John Dãy, Quận 1, TP.HCM"              ,       0 ,   22000 ,Hoàn trả   ,2025-11-18 10:30:50.261630
HCM18693150 ,SHOP_008 ,SHP_013    ,Ngọc Vũ             ,075566310958 ,"90 Jane Làng, Quận 11, TP.HCM"             ,       0 ,   30000 ,Hoàn trả   ,2025-11-25 09:22:21.695430
HCM36904098 ,SHOP_003 ,SHP_001    ,Chị Thành Vũ        ,074247270172 ,"32 John Số, Quận 1, TP.HCM"                ,       0 ,   22000 ,Hoàn trả   ,2025-11-16 07:57:08.875348
HCM41678833 ,SHOP_010 ,SHP_001    ,Bác Khoa Mai        ,076670115312 ,"7 Dương Hẻm, Quận 3, TP.HCM"               ,  150000 ,   16000 ,Đang lấy   ,2025-11-09 17:31:25.023818
HCM77086107 ,SHOP_003 ,SHP_007    ,Chị Hải Lê          ,078502668633 ,"65 Trần Ngõ, Quận Tân Phú, TP.HCM"         , 1200000 ,   22000 ,Đang lấy   ,2025-11-13 17:20:47.315971
HCM42559663 ,SHOP_006 ,SHP_015    ,Cô Vi Đặng          ,078113428879 ,"848 Mai Dãy, Quận 1, TP.HCM"               ,       0 ,   30000 ,Hoàn trả   ,2025-11-23 04:06:43.059628
HCM33511120 ,SHOP_008 ,           ,Anh Nhiên Lê        ,075653422508 ,"1 Lê Dãy, Quận 6, TP.HCM"                  ,  500000 ,   30000 ,Hủy        ,2025-12-02 10:25:26.269253
HCM53244056 ,SHOP_005 ,SHP_015    ,Bác Tùng Bùi        ,072145598680 ,"896 Mai Đường, Quận Bình Thạnh, TP.HCM"    , 1200000 ,   22000 ,Hoàn trả   ,2025-11-13 10:51:18.527282
HCM4414891  ,SHOP_009 ,SHP_007    ,Nhật Đức Trần       ,071195502585 ,"0 John Tổ, Quận 11, TP.HCM"                ,       0 ,   22000 ,Đã giao    ,2025-11-24 19:47:34.510149
HCM21369277 ,SHOP_007 ,           ,Bà Bảo Mai          ,072274136328 ,"1 John Số, Quận 6, TP.HCM"                 ,  250000 ,   22000 ,Hủy        ,2025-11-26 15:07:45.322855
HCM16155203 ,SHOP_010 ,           ,Dương Nguyễn        ,079964700502 ,"692 Bùi Số, Quận 12, TP.HCM"               ,  500000 ,   30000 ,Hủy        ,2025-11-20 23:59:09.766867
HCM63356483 ,SHOP_008 ,SHP_010    ,Châu Quang Hoàng    ,076782522821 ,"896 Đặng Dãy, Quận Gò Vấp, TP.HCM"         , 1200000 ,   16000 ,Đang giao  ,2025-11-11 01:06:49.947650
HCM75731116 ,SHOP_001 ,           ,Hà Mai Bảo Lê       ,076274396732 ,"7 Đặng Hẻm, Quận 4, TP.HCM"                ,  150000 ,   22000 ,Mới tạo    ,2025-11-23 20:29:37.161027
HCM78688118 ,SHOP_006 ,SHP_004    ,Nhiên Tấn Nguyễn    ,074457621741 ,"734 Jane Ngõ, Quận 1, TP.HCM"              ,  500000 ,   22000 ,Đang giao  ,2025-11-28 14:41:39.687911
HCM48483803 ,SHOP_003 ,SHP_012    ,Bác Thành Vũ        ,071304258733 ,"09 Dương Tổ, TP. Thủ Đức, TP.HCM"          ,  250000 ,   30000 ,Hoàn trả   ,2025-11-12 14:29:11.235887
HCM97434092 ,SHOP_005 ,SHP_009    ,Vi Vũ               ,070613865110 ,"676 John Ngõ, Quận 3, TP.HCM"              ,  150000 ,   22000 ,Hoàn trả   ,2025-11-17 23:54:01.798171
HCM56243629 ,SHOP_007 ,SHP_002    ,Bác Hoàng Hoàng     ,076280952645 ,"30 Jane Làng, Quận 3, TP.HCM"              , 1200000 ,   30000 ,Đang lấy   ,2025-12-02 11:13:59.124304
HCM86114567 ,SHOP_008 ,SHP_012    ,Khoa Trí Dương      ,071753752611 ,"685 Dương Số, Quận Bình Thạnh, TP.HCM"     ,  500000 ,   30000 ,Đang lấy   ,2025-12-01 21:44:39.360237
HCM34889669 ,SHOP_004 ,SHP_001    ,Quý ông Vũ Đặng     ,073166466941 ,"8 Jane Số, Quận 5, TP.HCM"                 ,  150000 ,   16000 ,Đã giao    ,2025-11-19 06:02:44.065524
HCM43564311 ,SHOP_007 ,SHP_003    ,Thành Hữu Dương     ,079417684393 ,"485 John Ngõ, Quận Tân Bình, TP.HCM"       ,  150000 ,   22000 ,Đã giao    ,2025-12-07 08:55:10.492864
HCM48918509 ,SHOP_005 ,           ,Minh Hoàng          ,079689022413 ,"4 Jane Làng, Quận Gò Vấp, TP.HCM"          ,       0 ,   22000 ,Mới tạo    ,2025-11-13 01:08:30.899276
HCM4515877  ,SHOP_008 ,SHP_004    ,Trọng Hải Mai       ,078827678235 ,"5 John Số, Quận 1, TP.HCM"                 , 1200000 ,   16000 ,Đã giao    ,2025-11-12 14:20:06.153848
HCM96051577 ,SHOP_008 ,SHP_001    ,Bà Phương Trần      ,071636913774 ,"399 John Ngõ, Quận 6, TP.HCM"              ,       0 ,   30000 ,Hoàn trả   ,2025-11-21 10:33:40.714642
HCM16252049 ,SHOP_003 ,           ,Thành Hoàng         ,076787873658 ,"4 Jane Dãy, Quận 11, TP.HCM"               ,  250000 ,   30000 ,Hủy        ,2025-11-24 22:52:48.439491
HCM54216030 ,SHOP_004 ,SHP_008    ,Cô Ánh Lê           ,071565180426 ,"192 Nguyễn Làng, Huyện Bình Chánh, TP.HCM" ,  150000 ,   22000 ,Đang lấy   ,2025-11-10 07:56:39.404758
HCM5875520  ,SHOP_006 ,SHP_009    ,Bác Bảo Nguyễn      ,077080567710 ,"69 Vũ Tổ, Quận 1, TP.HCM"                  ,  150000 ,   22000 ,Hoàn trả   ,2025-12-03 21:02:12.614430
HCM18100951 ,SHOP_002 ,           ,Anh Tú Nguyễn       ,075061989120 ,"1 John Dãy, TP. Thủ Đức, TP.HCM"           ,  150000 ,   16000 ,Mới tạo    ,2025-11-26 09:49:08.098830
HCM78212950 ,SHOP_010 ,SHP_009    ,Lâm Xuân Dương      ,072379426772 ,"94 Đặng Khu, Quận 12, TP.HCM"              , 1200000 ,   22000 ,Đã giao    ,2025-11-21 16:10:46.318350
HCM8770217  ,SHOP_002 ,SHP_015    ,Chị An Bùi          ,073836723959 ,"4 Trần Ngõ, Quận 3, TP.HCM"                , 1200000 ,   30000 ,Đang giao  ,2025-11-18 04:35:09.196676
HCM75203515 ,SHOP_003 ,           ,Kim Lê              ,078184680505 ,"188 Lê Tổ, Quận Tân Phú, TP.HCM"           ,       0 ,   30000 ,Mới tạo    ,2025-12-04 20:01:51.413452
HCM660295   ,SHOP_010 ,SHP_004    ,Phương Phạm         ,072335478524 ,"200 Nguyễn Khu, Huyện Bình Chánh, TP.HCM"  ,  500000 ,   22000 ,Đang giao  ,2025-11-14 13:24:57.957063
HCM29608808 ,SHOP_006 ,SHP_004    ,Duyên Trần          ,077706253734 ,"511 John Làng, Quận Gò Vấp, TP.HCM"        ,  150000 ,   30000 ,Hoàn trả   ,2025-12-04 16:28:35.281241
HCM95280460 ,SHOP_006 ,SHP_007    ,Bà Hương Lê         ,076514557298 ,"18 Đặng Làng, Huyện Bình Chánh, TP.HCM"    ,  500000 ,   16000 ,Hoàn trả   ,2025-12-02 02:18:20.079905
HCM59459728 ,SHOP_004 ,SHP_001    ,Kim Trí Bùi         ,073459324621 ,"38 Hoàng Khu, Quận 10, TP.HCM"             ,  250000 ,   16000 ,Đang lấy   ,2025-11-14 16:32:16.751265
HCM12126709 ,SHOP_009 ,SHP_003    ,Trung Phú Hoàng     ,073475514825 ,"839 John Đường, Quận 6, TP.HCM"            ,  250000 ,   30000 ,Đang giao  ,2025-11-20 01:05:56.239700
HCM95243445 ,SHOP_009 ,           ,Hải Đặng            ,076955724750 ,"97 Đặng Khu, Quận Gò Vấp, TP.HCM"          ,       0 ,   30000 ,Mới tạo    ,2025-12-06 04:36:31.355555
HCM39821430 ,SHOP_004 ,SHP_009    ,Hạnh Hoàng          ,071581619667 ,"25 Jane Tổ, Quận Phú Nhuận, TP.HCM"        ,  500000 ,   22000 ,Đang giao  ,2025-11-13 14:18:17.517296
HCM99947658 ,SHOP_006 ,SHP_011    ,Anh Anh Phạm        ,070440015159 ,"92 Nguyễn Đường, Quận 10, TP.HCM"          ,  250000 ,   30000 ,Đã giao    ,2025-11-16 09:33:15.312603
HCM68830247 ,SHOP_003 ,SHP_009    ,Lâm Phạm            ,079129958381 ,"08 Jane Tổ, Quận Bình Thạnh, TP.HCM"       , 1200000 ,   16000 ,Đang giao  ,2025-11-21 03:16:13.802212
HCM59264931 ,SHOP_005 ,SHP_008    ,Ông Anh Hoàng       ,077045639489 ,"232 John Dãy, Quận Tân Phú, TP.HCM"        ,       0 ,   22000 ,Đã giao    ,2025-11-27 08:15:26.510572
